source,target,value
GERO 1200,GERO 2315,0.5
GERO 1215,GERO 2315,0.5
GERO 1300,GERO 2315,0.5
WMDD 4900,WMDD 4997,1
WMDD 4905,WMDD 4997,1
WMDD 4925,WMDD 4997,1
WMDD 4961,WMDD 4997,1
WMDD 4980,WMDD 4997,1
CPSC 1150,CPSC 1280,0.5
CPSC 1155,CPSC 1280,0.5
FINA 2160,FINA 2260,1
CPSC 1280,CPSC 2280,0.5
CPSC 2150,CPSC 2280,0.5
ANTH 1120,ANTH 2270,0.25
SOCI 1120,ANTH 2270,0.25
SOCI 1121,ANTH 2270,0.25
PHOT 1125,PHOT 2441,1
BINF 2100,BINF 3100,1
NURS 3321,NURS 4265,1
NURS 4161,NURS 4265,1
NURS 4163,NURS 4265,1
CHIN 2215,CHIN 2217,0.5
WMDD 4850,WMDD 4900,1
PHOT 2485,PHOT 2486,1
FMGT 4820,FMGT 4824,1
CPSC 2350,CPSC 2650,1
CPSC 2600,CPSC 2650,1
KINS 1100,KINS 1110,1
KINS 1100,KINS 1131,1
BUSM 1901,BUSM 1902,1
BUSM 4805,FMGT 4820,1
FMGT 4800,FMGT 4820,1
BUSM 4805,FMGT 4870,1
FMGT 4800,FMGT 4870,1
FINA 2162,FINA 2262,1
LIBR 1111,LIBR 1219,1
LIBR 1118,LIBR 1219,1
ENGL 2227,ENGL 2327,0.5
BUSM 4800,BUSM 4820,1
BUSM 4805,BUSM 4820,1
ECON 1220,ECON 2155,1
ECON 1221,ECON 2155,1
ECON 1220,ECON 2260,1
ECON 1221,ECON 2260,1
ECON 1220,ECON 2221,1
ECON 1221,ECON 2221,1
ECON 1220,ECON 2280,1
ECON 1221,ECON 2280,1
ECON 1220,ECON 2210,1
ECON 1221,ECON 2210,1
ENGL 1098,ENGL 1099,1
FLMA 1120,FLMA 1220,1
JOUR 1178,JOUR 2330,1
COOP 3301,COOP 4301,1
SSRV 1131,SSRV 1230,1
EXPE 4801,EXPE 4802,1
BINF 1100,BINF 2100,1
LIBR 1111,LIBR 2416,1
EDAS 1111,EDAS 1211,1
SSRV 1131,SSRV 1231,1
BUSM 4805,BUSM 4830,1
BUSM 4810,BUSM 4830,0.5
DANA 4810,BUSM 4830,0.5
FINA 1120,FINA 2135,1
FINA 1131,FINA 2135,0.5
FINA 1161,FINA 2135,0.5
GERO 1816,GERO 1916,1
CPSC 4160,CPSC 4260,1
PSYC 1115,PSYC 2326,1
PSYC 1215,PSYC 2326,1
PSYC 1115,PSYC 2325,1
PSYC 1215,PSYC 2325,1
EDAS 1211,EDAS 1311,1
FINA 2171,FINA 2271,1
PHOT 2305,PHOT 2425,0.5
PHOT 2310,PHOT 2425,0.5
PHOT 2325,PHOT 2425,1
MARK 1115,MARK 4195,1
FMGT 1115,FMGT 2350,0.5
FMGT 1116,FMGT 2350,0.5
FMGT 2293,FMGT 2350,0.5
PHYS 2309,PHYS 2409,1
BUSM 4805,BUSM 4840,0.5
BUSM 4820,BUSM 4840,0.5
NURS 5150,BUSM 4840,0.5
GERO 1100,GERO 1200,1
POLI 1119,POLI 2245,0.5
POLI 1140,POLI 2245,0.5
POLI 1145,POLI 2245,0.5
ENGL 1107,ENGL 1108,1
CPSC 4830,DANA 4850,1
DANA 4830,DANA 4850,1
DANA 4840,DANA 4850,1
BUSM 2200,PSYC 3240,0.5
PSYC 1115,PSYC 3240,0.5
PSYC 1215,PSYC 3240,0.5
BUSM 2200,PSYC 3220,0.5
PSYC 1115,PSYC 3220,0.5
PSYC 1215,PSYC 3220,0.5
BUSM 2200,PSYC 3200,0.5
PSYC 1115,PSYC 3200,0.5
PSYC 1215,PSYC 3200,0.5
BUSM 2200,PSYC 3230,0.5
PSYC 1115,PSYC 3230,0.5
PSYC 1215,PSYC 3230,0.5
WMDD 4885,WMDD 4980,1
FINA 2140,FINA 2240,1
COOP 2501,COOP 3301,1
COOP 2501,COOP 2514,1
ECED 1102,ECED 1202,1
FINA 1111,FINA 2115,0.5
WMDD 4811,WMDD 4910,1
WMDD 4900,WMDD 4910,1
LIBR 1111,LIBR 2411,1
DSGN 1153,DSGN 1253,1
WMDD 4930,WMDD 4945,1
WMDD 4930,WMDD 4940,1
FMGT 4820,FMGT 4880,1
FMGT 4824,FMGT 4880,1
DASH 1199,DASH 2000,1
BIOL 2315,BIOL 4415,1
BIOL 4315,BIOL 4415,1
FLMA 1170,FLMA 1281,1
FLMA 1181,FLMA 1281,1
DSGN 2054,DSGN 2254,1
DSGN 2155,DSGN 2254,1
DSGN 2151,DSGN 2254,1
DSGN 2054,DSGN 2354,1
DSGN 2155,DSGN 2354,1
DSGN 2151,DSGN 2354,1
CHIN 1117,CHIN 1217,0.5
MATH 1171,MATH 1275,0.5
MATH 1173,MATH 1275,0.5
MATH 1174,MATH 1275,0.5
MATH 1175,MATH 1275,0.5
MATH 1253,MATH 1275,0.5
GERO 1400,GERO 2400,0.5
CHIN 1115,CHIN 1215,0.5
ANTH 1120,SOCI 2223,0.5
SOCI 1120,SOCI 2223,0.5
SOCI 1121,SOCI 2223,0.5
SOCI 1127,SOCI 2223,0.5
ANTH 1120,SOCI 2222,0.5
SOCI 1120,SOCI 2222,0.5
SOCI 1121,SOCI 2222,0.5
SOCI 1127,SOCI 2222,0.5
ANTH 1120,SOCI 2240,0.5
SOCI 1120,SOCI 2240,0.5
SOCI 1121,SOCI 2240,0.5
SOCI 1127,SOCI 2240,0.5
ANTH 1120,SOCI 2260,0.5
SOCI 1120,SOCI 2260,0.5
SOCI 1121,SOCI 2260,0.5
SOCI 1127,SOCI 2260,0.5
ANTH 1120,SOCI 2225,0.5
SOCI 1120,SOCI 2225,0.5
SOCI 1121,SOCI 2225,0.5
SOCI 1127,SOCI 2225,0.5
ANTH 1120,SOCI 2220,0.5
SOCI 1120,SOCI 2220,0.5
SOCI 1121,SOCI 2220,0.5
SOCI 1127,SOCI 2220,0.5
ANTH 1120,SOCI 2205,0.5
SOCI 1120,SOCI 2205,0.5
SOCI 1121,SOCI 2205,0.5
SOCI 1127,SOCI 2205,0.5
ANTH 1120,SOCI 2230,0.5
SOCI 1120,SOCI 2230,0.5
SOCI 1121,SOCI 2230,0.5
SOCI 1127,SOCI 2230,0.5
ANTH 1120,SOCI 2210,0.5
SOCI 1120,SOCI 2210,0.5
SOCI 1121,SOCI 2210,0.5
SOCI 1127,SOCI 2210,0.5
ANTH 1120,SOCI 2200,0.5
SOCI 1120,SOCI 2200,0.5
SOCI 1121,SOCI 2200,0.5
SOCI 1127,SOCI 2200,0.5
ANTH 1120,SOCI 2250,0.5
SOCI 1120,SOCI 2250,0.5
SOCI 1121,SOCI 2250,0.5
SOCI 1127,SOCI 2250,0.5
PHOT 1100,PHOT 1150,0.5
PHOT 1105,PHOT 1150,0.5
JOUR 2279,JOUR 2475,1
JOUR 2380,JOUR 2475,1
French 11,FREN 1117,0.5
FREN 1215,FREN 1117,0.5
APPL 5110,APPL 5240,0.5
APPL 5120,APPL 5240,0.5
APPL 5130,APPL 5240,0.5
APPL 5140,APPL 5240,0.5
APPL 5110,APPL 5220,0.5
APPL 5120,APPL 5220,0.5
APPL 5130,APPL 5220,0.5
APPL 5140,APPL 5220,0.5
APPL 5110,APPL 5210,0.5
APPL 5120,APPL 5210,0.5
APPL 5130,APPL 5210,0.5
APPL 5140,APPL 5210,0.5
APPL 5110,APPL 5230,0.5
APPL 5120,APPL 5230,0.5
APPL 5130,APPL 5230,0.5
APPL 5140,APPL 5230,0.5
ECED 2415,ECED 2419,1
ECED 2417,ECED 2419,1
ECED 2418,ECED 2419,1
PSYC 2318,ECED 2419,1
GEOG 1180,GEOG 2280,0.5
PHIL 2226,POLI 2260,0.5
POLI 1160,POLI 2260,0.5
BIOL 1115,BIOL 2450,0.5
BIOL 1215,BIOL 2450,0.5
BIOL 1115,BIOL 2440,0.5
BIOL 1215,BIOL 2440,0.5
PHOT 1105,PHOT 1110,1
PHOT 1125,PHOT 1110,1
Data Analytics Mathematics Assessment (DAMA),MATH 4801,1
BIOL 1115,BIOL 2415,0.5
BIOL 1215,BIOL 2415,0.5
PHOT 1120,PHOT 2305,1
PHOT 1205,PHOT 2305,1
PHOT 1210,PHOT 2305,1
PHOT 1225,PHOT 2305,1
PHOT 1120,PHOT 2310,1
PHOT 1205,PHOT 2310,1
PHOT 1210,PHOT 2310,1
PHOT 1225,PHOT 2310,1
FINA 2172,FINA 2272,1
DSGN 1156,DSGN 1256,1
FMGT 4824,FMGT 4828,1
WMDD 4860,WMDD 4961,1
FMGT 4800,FMGT 4810,1
PHOT 1205,PHOT 2325,1
PHOT 1210,PHOT 2325,1
PHOT 1225,PHOT 2325,1
CHIN 1215,CHIN 1117,0.5
LIBR 1111,LIBR 2195,0.5
LIBR 1118,LIBR 2195,0.5
LIBR 1120,LIBR 2195,0.5
LIBR 2328,LIBR 2195,0.5
LIBR 2416,LIBR 2195,0.5
NURS 5100,NURS 5275,1
NURS 5125,NURS 5275,1
NURS 5145,NURS 5275,1
NURS 5185,NURS 5275,1
POLI 1100,POLI 2229,0.25
POLI 1119,POLI 2229,0.25
POLI 2250,POLI 2229,0.25
FREN 1119,FREN 1219,0.5
CPSC 1160,CPSC 2810,0.5
CPSC 1181,CPSC 2810,0.5
CPSC 1280,CPSC 2810,1
FMGT 4225,FMGT 4540,0.5
FMGT 4875,FMGT 4540,0.5
FMGT 4510,FMGT 4540,0.5
ECED 1119,ECED 1219,1
DSGN 1250,DSGN 2151,1
STAT 4800,STAT 4810,1
FINA 1120,FINA 1220,1
GEOG 1190,GEOL 2207,0.5
GEOL 1107,GEOL 2207,0.5
GEOL 1110,GEOL 2207,0.5
GEOG 1190,GEOG 2290,0.5
GEOL 1107,GEOG 2290,0.5
GEOL 1110,GEOG 2290,0.5
WMDD 4800,WMDD 4885,1
WMDD 4811,WMDD 4885,1
WMDD 4815,WMDD 4885,1
WMDD 4820,WMDD 4885,1
WMDD 4825,WMDD 4885,1
BUSM 4805,FMGT 4818,1
FMGT 4810,FMGT 4818,1
PSYC 1115,PSYC 3210,0.5
PSYC 1215,PSYC 3210,0.5
BUSM 2200,PSYC 3210,0.5
ECED 1118,ECED 1218,1
FMGT 3121,FMGT 4560,1
FMGT 4510,FMGT 4560,1
FMGT 3121,FMGT 4550,1
FMGT 4510,FMGT 4550,1
RECR 1000,RECR 1002,1
RECR 1001,RECR 1002,1
PHOT 1105,PHOT 1125,1
FREN 1115,FREN 1215,1
ENGL 1123,ENVS 2410,0.25
ENGL 1127,ENVS 2410,0.25
ENGL 1128,ENVS 2410,0.25
BUSM 4805,FMGT 4860,1
FMGT 4800,FMGT 4860,1
MATH 4800,FMGT 4860,1
POLI 1100,POLI 2209,0.5
POLI 1119,POLI 2209,0.5
POLI 2250,POLI 2209,0.5
POLI 1100,POLI 2219,0.5
POLI 1119,POLI 2219,0.5
POLI 2250,POLI 2219,0.5
DSGN 1155,DSGN 1153,1
CHIN 2211,CHIN 2213,0.5
JOUR 1122,JOUR 2420,1
JOUR 1128,JOUR 2420,1
JOUR 1224,JOUR 2420,1
JOUR 1244,JOUR 2420,1
THEA 2260,THEA 2360,1
STAT 1181,STAT 3225,1
STAT 2281,STAT 3225,1
JOUR 1142,JOUR 1240,1
FMGT 1215,FMGT 2485,0.5
FMGT 2293,FMGT 2485,0.5
JAPN 1215,JAPN 1117,1
KINS 1131,KINS 1132,1
WMST 1116,WMST 2274,0.5
WMST 1216,WMST 2274,0.5
WMST 1116,WMST 2272,0.5
WMST 1216,WMST 2272,0.5
NURS 3309,NURS 4109,1
NURS 3321,NURS 4109,1
NURS 3362,NURS 4109,1
NURS 3363,NURS 4109,1
FINA 1111,FINA 2111,1
FINA 1120,FINA 2111,1
FINA 1171,FINA 2111,1
EDAS 1110,EDAS 1210,1
NURS 5100,NURS 5280,1
NURS 5120,NURS 5280,1
NURS 5125,NURS 5280,1
NURS 5145,NURS 5280,1
NURS 5150,NURS 5280,1
THEA 2160,THEA 2260,1
BIOL 2370,BIOL 2470,1
BUSM 4805,INTB 4810,1
BUSM 4810,INTB 4810,1
BUSM 4820,INTB 4810,1
JOUR 1128,JOUR 2380,1
JOUR 1128,JOUR 2456,1
CPSC 1150,CPSC 1490,0.5
CPSC 1155,CPSC 1490,0.5
ECED 1119,ECED 1319,1
ECED 1219,ECED 1319,1
FLMA 1170,FLMA 1282,1
FLMA 1182,FLMA 1282,1
PHOT 1105,PHOT 1151,1
PSYC 1115,PSYC 2333,1
PSYC 1215,PSYC 2333,1
PSYC 1115,PSYC 2413,1
PSYC 1215,PSYC 2413,1
PSYC 1115,PSYC 2319,1
PSYC 1215,PSYC 2319,1
PSYC 1115,PSYC 2341,1
PSYC 1215,PSYC 2341,1
PSYC 1115,PSYC 2331,1
PSYC 1215,PSYC 2331,1
PSYC 1115,PSYC 2329,1
PSYC 1215,PSYC 2329,1
BUSM 4805,MARK 4810,1
MARK 4800,MARK 4810,1
CPSC 1030,CPSC 2600,1
CPSC 1045,CPSC 2600,1
BIOL 1115,BIOL 2380,0.5
BIOL 1215,BIOL 2380,0.5
BIOL 1115,BIOL 2340,0.5
BIOL 1215,BIOL 2340,0.5
BIOL 1115,BIOL 2330,0.5
BIOL 1215,BIOL 2330,0.5
FMGT 2294,FMGT 2423,1
WMDD 4900,WMDD 4915,1
CPSC 1150,CPSC 1491,0.5
CPSC 1155,CPSC 1491,0.5
PHOT 2475,PHOT 2485,1
BIOL 2192,BIOL 2292,1
NURS 1263,BIOL 2292,1
ECED 1319,ECED 1329,1
LIBR 1118,LIBR 2418,1
SOCI 1120,SOCI 2270,0.5
SOCI 1121,SOCI 2270,0.5
FINA 1171,FINA 2162,1
FINA 1161,FINA 2162,1
CPSC 4800,CPSC 4810,1
GEOL 1115,GEOL 2215,1
ENGL 2226,ENGL 2286,1
WMDD 4825,WMDD 4905,1
WMDD 4825,WMDD 4925,1
CHIN 1217,CHIN 2211,0.5
FMGT 4820,FMGT 4875,1
FMGT 4824,FMGT 4875,1
FMGT 4870,FMGT 4875,1
ECED 2415,ECED 2417,0.5
PSYC 2318,ECED 2417,0.5
THEA 2360,THEA 3460,1
CPSC 4800,CPSC 4820,1
DANA 4800,CPSC 4820,1
BUSM 4805,MARK 4830,1
MARK 4820,MARK 4830,1
BUSM 4805,INTB 4800,1
MARK 4820,INTB 4800,1
POLI 1119,POLI 2239,1
FINA 2141,FINA 2241,1
FMGT 3263,FMGT 4530,0.5
FMGT 4880,FMGT 4530,0.5
FMGT 4510,FMGT 4530,1
BIOL 1115,BIOL 1215,1
WMDD 4855,WMDD 4921,1
WMDD 4855,WMDD 4930,1
BIOL 1215,BIOL 2480,1
BIOL 1215,BIOL 2260,1
Physics 11,ASTR 1101,1
Mathematics 12,ASTR 1101,0.5
Precalculus 12,ASTR 1101,0.5
Physics 11,ASTR 1102,1
Mathematics 12,ASTR 1102,0.5
Precalculus 12,ASTR 1102,0.5
BUSM 4805,MARK 4840,1
MARK 4800,MARK 4840,1
STAT 4800,MARK 4840,1
THEA 1110,THEA 2160,1
THEA 1120,THEA 2160,1
THEA 1130,THEA 2160,1
THEA 1140,THEA 2160,1
JAPN 1115,JAPN 1210,1
JAPN 1115,JAPN 1215,1
JAPN 1117,JAPN 1217,1
NUTR 2322,NUTR 2422,1
NURS 5265,NURS 5285,1
NURS 5275,NURS 5285,1
NURS 5280,NURS 5285,1
DSGN 1153,DSGN 2054,1
DSGN 1250,DSGN 2054,1
DSGN 1265,DSGN 2054,1
DSGN 1154,DSGN 2054,1
DSGN 1255,DSGN 2054,1
CHEM 1220,CHEM 2222,0.5
CHEM 1220,CHEM 2216,0.5
STAT 1123,STAT 3222,0.5
STAT 1124,STAT 3222,0.5
STAT 1181,STAT 3222,0.5
CPSC 2150,CPSC 4160,1
CPSC 3260,CPSC 4160,1
MATH 1252,CPSC 4160,1
STAT 3225,CPSC 4160,1
CSIS 1300,CSIS 1310,0.5
ANTH 1120,ANTH 2260,0.25
SOCI 1120,ANTH 2260,0.25
SOCI 1121,ANTH 2260,0.25
APPL 5110,APPL 5330,1
APPL 5120,APPL 5330,1
APPL 5130,APPL 5330,1
APPL 5140,APPL 5330,1
APPL 5210,APPL 5330,1
APPL 5220,APPL 5330,1
APPL 5230,APPL 5330,1
APPL 5240,APPL 5330,1
APPL 5110,APPL 5340,1
APPL 5120,APPL 5340,1
APPL 5130,APPL 5340,1
APPL 5140,APPL 5340,1
APPL 5210,APPL 5340,1
APPL 5220,APPL 5340,1
APPL 5230,APPL 5340,1
APPL 5240,APPL 5340,1
WMDD 4835,WMDD 4936,1
WMDD 4840,WMDD 4936,1
WMDD 4855,WMDD 4936,1
NURS 2221,NURS 3265,1
NURS 3130,NURS 3265,1
NURS 3160,NURS 3265,1
NURS 4122,NURS 3265,1
NURS 3162,NURS 3265,1
NURS 2221,NURS 3264,1
NURS 3130,NURS 3264,1
NURS 3160,NURS 3264,1
NURS 4122,NURS 3264,1
NURS 3162,NURS 3264,1
NURS 2221,NURS 3209,1
NURS 3130,NURS 3209,1
NURS 3160,NURS 3209,1
NURS 4122,NURS 3209,1
NURS 3162,NURS 3209,1
NURS 2221,NURS 3261,1
NURS 3130,NURS 3261,1
NURS 3160,NURS 3261,1
NURS 4122,NURS 3261,1
NURS 3162,NURS 3261,1
NURS 2221,NURS 3262,1
NURS 3130,NURS 3262,1
NURS 3160,NURS 3262,1
NURS 4122,NURS 3262,1
NURS 3162,NURS 3262,1
BIOL 3192,NURS 2221,1
NURS 2209,NURS 2221,1
NURS 2260,NURS 2221,1
NURS 2261,NURS 2221,1
NURS 2263,NURS 2221,1
BIOL 3192,NURS 3160,1
NURS 2209,NURS 3160,1
NURS 2260,NURS 3160,1
NURS 2261,NURS 3160,1
NURS 2263,NURS 3160,1
BIOL 3192,NURS 3162,1
NURS 2209,NURS 3162,1
NURS 2260,NURS 3162,1
NURS 2261,NURS 3162,1
NURS 2263,NURS 3162,1
BIOL 3192,NURS 4122,1
NURS 2209,NURS 4122,1
NURS 2260,NURS 4122,1
NURS 2261,NURS 4122,1
NURS 2263,NURS 4122,1
BIOL 3192,NURS 3130,1
NURS 2209,NURS 3130,1
NURS 2260,NURS 3130,1
NURS 2261,NURS 3130,1
NURS 2263,NURS 3130,1
RECR 2288,RECR 2388,1
CPSC 1040,CPSC 2221,0.5
CPSC 1045,CPSC 2221,0.5
CPSC 1150,CPSC 2221,0.5
CPSC 1155,CPSC 2221,0.5
CHEM 2316,CHEM 2416,0.5
JOUR 1122,JOUR 1179,1
JOUR 1128,JOUR 1179,1
JOUR 1142,JOUR 1179,1
JOUR 1168,JOUR 1179,1
CMNS 1118,CMNS 2228,0.25
ENGL 1123,CMNS 2228,0.25
ENGL 1127,CMNS 2228,0.25
ENGL 1140,CMNS 2228,0.25
CPSC 1150,CPSC 1181,0.5
CPSC 1155,CPSC 1181,0.5
BIOL 2292,NURS 2263,1
NURS 2109,NURS 2263,1
NURS 2160,NURS 2263,1
NURS 2161,NURS 2263,1
NURS 2163,NURS 2263,1
BIOL 2292,NURS 2261,1
NURS 2109,NURS 2261,1
NURS 2160,NURS 2261,1
NURS 2161,NURS 2261,1
NURS 2163,NURS 2261,1
BIOL 2292,NURS 2260,1
NURS 2109,NURS 2260,1
NURS 2160,NURS 2260,1
NURS 2161,NURS 2260,1
NURS 2163,NURS 2260,1
ABST 1100,ABST 2100,1
ABST 1102,ABST 2100,1
ABST 1104,ABST 2100,1
ABST 1115,ABST 2100,1
ABST 1116,ABST 2100,1
ABST 1100,ABST 2101,1
ABST 1102,ABST 2101,1
ABST 1104,ABST 2101,1
ABST 1115,ABST 2101,1
ABST 1116,ABST 2101,1
ANTH 1131,ANTH 2231,0.25
BIOL 1115,ANTH 2231,0.25
BIOL 1116,ANTH 2231,0.25
NURS 3209,NURS 3161,1
NURS 3261,NURS 3161,1
NURS 3262,NURS 3161,1
PHIL 1105,NURS 3161,1
NURS 3264,NURS 3161,1
NURS 3265,NURS 3161,1
NURS 3209,NURS 3364,1
NURS 3261,NURS 3364,1
NURS 3262,NURS 3364,1
PHIL 1105,NURS 3364,1
NURS 3264,NURS 3364,1
NURS 3265,NURS 3364,1
NURS 3209,NURS 4100,1
NURS 3261,NURS 4100,1
NURS 3262,NURS 4100,1
PHIL 1105,NURS 4100,1
NURS 3264,NURS 4100,1
NURS 3265,NURS 4100,1
NURS 3209,NURS 3367,1
NURS 3261,NURS 3367,1
NURS 3262,NURS 3367,1
PHIL 1105,NURS 3367,1
NURS 3264,NURS 3367,1
NURS 3265,NURS 3367,1
NURS 3209,NURS 3165,1
NURS 3261,NURS 3165,1
NURS 3262,NURS 3165,1
PHIL 1105,NURS 3165,1
NURS 3264,NURS 3165,1
NURS 3265,NURS 3165,1
MATH 1271,STAT 2281,0.5
MATH 1273,STAT 2281,0.5
MATH 1274,STAT 2281,0.5
MATH 1275,STAT 2281,0.5
CMNS 1118,FSRV 2429,0.5
ENGL 1123,FSRV 2429,0.5
ENGL 1127,FSRV 2429,0.5
FSRV 1219,FSRV 2429,1
NURS 3161,NURS 4161,1
NURS 3367,NURS 4161,1
NURS 4100,NURS 4161,1
NURS 3165,NURS 4161,1
NURS 3364,NURS 4161,1
NURS 3161,NURS 4163,1
NURS 3367,NURS 4163,1
NURS 4100,NURS 4163,1
NURS 3165,NURS 4163,1
NURS 3364,NURS 4163,1
NURS 3161,NURS 3321,1
NURS 3367,NURS 3321,1
NURS 4100,NURS 3321,1
NURS 3165,NURS 3321,1
NURS 3364,NURS 3321,1
CHEM 1220,CHEM 2100,0.5
PHOT 1100,PHOT 1200,1
CHEM 1120,CHEM 2208,1
CHEM 1220,CHEM 2208,1
GERO 1100,GERO 2110,0.5
GERO 1115,GERO 2110,0.5
FMGT 4818,BUSM 4855,1
FMGT 4865,BUSM 4855,1
CMNS 1115,PHOT 2320,0.5
CMNS 1122,PHOT 2320,0.5
PHOT 1125,PHOT 2320,1
ANTH 1120,ANTH 2250,0.5
SOCI 1120,ANTH 2250,0.5
SOCI 1121,ANTH 2250,0.5
RELS 1110,ANTH 2250,0.5
BIOL 2192,NURS 2109,1
NURS 1209,NURS 2109,1
NURS 1260,NURS 2109,1
NURS 1261,NURS 2109,1
NURS 1263,NURS 2109,1
Spanish 12,SPAN 2119,0.5
SPAN 1215,SPAN 2119,0.25
SPAN 1218,SPAN 2119,0.25
ECON 1220,ECON 2298,1
ECON 1221,ECON 2298,1
MATH 1153,ECON 2298,0.5
MATH 1171,ECON 2298,0.5
MATH 1173,ECON 2298,0.5
MATH 1174,ECON 2298,0.5
MATH 1253,ECON 2298,0.5
MATH 1271,ECON 2298,0.5
MATH 1273,ECON 2298,0.5
MATH 1274,ECON 2298,0.5
MATH 1153,STAT 1181,0.5
MATH 1171,STAT 1181,0.5
MATH 1173,STAT 1181,0.5
MATH 1174,STAT 1181,0.5
MATH 1175,STAT 1181,0.5
CPSC 1160,CPSC 2211,0.5
CPSC 1181,CPSC 2211,0.5
STAT 1123,STAT 1182,0.25
STAT 1124,STAT 1182,0.25
STAT 1181,STAT 1182,0.25
CSIS 1310,CSIS 2302,0.5
CPSC 2221,CSIS 2302,0.5
MATH 1171,MATH 1271,0.5
MATH 1173,MATH 1271,0.5
MATH 1174,MATH 1271,0.5
MATH 1175,MATH 1271,0.5
MATH 1253,MATH 1271,0.5
MATH 1153,MATH 2310,0.5
MATH 1171,MATH 2310,0.5
MATH 1173,MATH 2310,0.5
MATH 1174,MATH 2310,0.5
MATH 1175,MATH 2310,0.5
STAT 1124,STAT 2225,0.5
STAT 1127,STAT 2225,0.5
STAT 1181,STAT 2225,0.5
BUSM 4805,BCAP 4820,1
CPSC 1160,CPSC 2150,0.5
FMGT 1321,FMGT 4221,1
FMGT 2421,FMGT 4221,1
Physics 12,PHYS 1124,0.5
PHYS 1118,PHYS 1124,0.5
Physics Diagnostic Test,PHYS 1124,0.5
CPSC 1160,CPSC 2180,0.5
CPSC 1181,CPSC 2180,0.5
English First Peoples 12,SCIE 1113,0.5
English Studies 12,SCIE 1113,0.5
Literary Studies 12,SCIE 1113,0.5
IELTS,SCIE 1113,0.5
LET,SCIE 1113,0.5
BCAP 1200,BCAP 3100,1
NUTR 2112,NUTR 2322,1
NUTR 2212,NUTR 2322,1
BIOL 1111,NUTR 2322,0.5
BIOL 1115,NUTR 2322,0.5
BIOL 1175,NUTR 2322,0.5
BIOL 1190,NUTR 2322,0.5
BIOL 1216,NUTR 2322,0.5
BUSM 1500,NUTR 2322,0.5
CMNS 1115,NUTR 2322,0.5
CMNS 1118,NUTR 2322,0.5
CMNS 2228,NUTR 2322,0.5
ENGL 1123,NUTR 2322,0.5
ENGL 1127,NUTR 2322,0.5
STAT 1123,STAT 3223,0.5
STAT 1124,STAT 3223,0.5
STAT 1181,STAT 3223,0.5
Precalculus 12,STAT 1100,0.5
MATH 1152,STAT 1100,0.5
MDT,STAT 1100,0.5
MDT,CPSC 1155,0.5
Precalculus 12,CPSC 1155,0.5
MATH 1171,CPSC 1155,0.25
MATH 1173,CPSC 1155,0.25
MATH 1183,CPSC 1155,0.25
MATH 1174,CPSC 1155,0.25
CPSC 1040,CPSC 1155,0.25
CPSC 1045,CPSC 1155,0.25
CPSC 1050,CPSC 1155,0.5
RECR 1160,RECR 4400,1
RECR 3160,RECR 4400,1
ENGL 1100,ENGL 2238,0.25
ENGL 1123,ENGL 2238,0.25
ENGL 1125,ENGL 2238,0.25
ENGL 1127,ENGL 2238,0.25
ENGL 1128,ENGL 2238,0.25
ENGL 1129,ENGL 2238,0.25
ENGL 1130,ENGL 2238,0.25
ENGL 1181,ENGL 2238,0.25
ENGL 1191,ENGL 2238,0.25
ENGL 1100,ENGL 2234,0.25
ENGL 1123,ENGL 2234,0.25
ENGL 1125,ENGL 2234,0.25
ENGL 1127,ENGL 2234,0.25
ENGL 1128,ENGL 2234,0.25
ENGL 1129,ENGL 2234,0.25
ENGL 1130,ENGL 2234,0.25
ENGL 1181,ENGL 2234,0.25
ENGL 1191,ENGL 2234,0.25
ENGL 1100,ENGL 2231,0.25
ENGL 1123,ENGL 2231,0.25
ENGL 1125,ENGL 2231,0.25
ENGL 1127,ENGL 2231,0.25
ENGL 1128,ENGL 2231,0.25
ENGL 1129,ENGL 2231,0.25
ENGL 1130,ENGL 2231,0.25
ENGL 1181,ENGL 2231,0.25
ENGL 1191,ENGL 2231,0.25
ENGL 1100,ENGL 2256,0.25
ENGL 1123,ENGL 2256,0.25
ENGL 1125,ENGL 2256,0.25
ENGL 1127,ENGL 2256,0.25
ENGL 1128,ENGL 2256,0.25
ENGL 1129,ENGL 2256,0.25
ENGL 1130,ENGL 2256,0.25
ENGL 1181,ENGL 2256,0.25
ENGL 1191,ENGL 2256,0.25
ENGL 1100,ENGL 2330,0.25
ENGL 1123,ENGL 2330,0.25
ENGL 1125,ENGL 2330,0.25
ENGL 1127,ENGL 2330,0.25
ENGL 1128,ENGL 2330,0.25
ENGL 1129,ENGL 2330,0.25
ENGL 1130,ENGL 2330,0.25
ENGL 1181,ENGL 2330,0.25
ENGL 1191,ENGL 2330,0.25
ENGL 1100,ENGL 2246,0.25
ENGL 1123,ENGL 2246,0.25
ENGL 1125,ENGL 2246,0.25
ENGL 1127,ENGL 2246,0.25
ENGL 1128,ENGL 2246,0.25
ENGL 1129,ENGL 2246,0.25
ENGL 1130,ENGL 2246,0.25
ENGL 1181,ENGL 2246,0.25
ENGL 1191,ENGL 2246,0.25
ENGL 1100,ENGL 2235,0.25
ENGL 1123,ENGL 2235,0.25
ENGL 1125,ENGL 2235,0.25
ENGL 1127,ENGL 2235,0.25
ENGL 1128,ENGL 2235,0.25
ENGL 1129,ENGL 2235,0.25
ENGL 1130,ENGL 2235,0.25
ENGL 1181,ENGL 2235,0.25
ENGL 1191,ENGL 2235,0.25
ENGL 1100,ENGL 2276,0.25
ENGL 1123,ENGL 2276,0.25
ENGL 1125,ENGL 2276,0.25
ENGL 1127,ENGL 2276,0.25
ENGL 1128,ENGL 2276,0.25
ENGL 1129,ENGL 2276,0.25
ENGL 1130,ENGL 2276,0.25
ENGL 1181,ENGL 2276,0.25
ENGL 1191,ENGL 2276,0.25
ENGL 1100,ENGL 2239,0.25
ENGL 1123,ENGL 2239,0.25
ENGL 1125,ENGL 2239,0.25
ENGL 1127,ENGL 2239,0.25
ENGL 1128,ENGL 2239,0.25
ENGL 1129,ENGL 2239,0.25
ENGL 1130,ENGL 2239,0.25
ENGL 1181,ENGL 2239,0.25
ENGL 1191,ENGL 2239,0.25
ENGL 1100,ENGL 2230,0.25
ENGL 1123,ENGL 2230,0.25
ENGL 1125,ENGL 2230,0.25
ENGL 1127,ENGL 2230,0.25
ENGL 1128,ENGL 2230,0.25
ENGL 1129,ENGL 2230,0.25
ENGL 1130,ENGL 2230,0.25
ENGL 1181,ENGL 2230,0.25
ENGL 1191,ENGL 2230,0.25
ENGL 1100,ENGL 2100,0.25
ENGL 1123,ENGL 2100,0.25
ENGL 1125,ENGL 2100,0.25
ENGL 1127,ENGL 2100,0.25
ENGL 1128,ENGL 2100,0.25
ENGL 1129,ENGL 2100,0.25
ENGL 1130,ENGL 2100,0.25
ENGL 1181,ENGL 2100,0.25
ENGL 1191,ENGL 2100,0.25
ENGL 1100,ENGL 2224,0.25
ENGL 1123,ENGL 2224,0.25
ENGL 1125,ENGL 2224,0.25
ENGL 1127,ENGL 2224,0.25
ENGL 1128,ENGL 2224,0.25
ENGL 1129,ENGL 2224,0.25
ENGL 1130,ENGL 2224,0.25
ENGL 1181,ENGL 2224,0.25
ENGL 1191,ENGL 2224,0.25
ENGL 1100,ENGL 2223,0.25
ENGL 1123,ENGL 2223,0.25
ENGL 1125,ENGL 2223,0.25
ENGL 1127,ENGL 2223,0.25
ENGL 1128,ENGL 2223,0.25
ENGL 1129,ENGL 2223,0.25
ENGL 1130,ENGL 2223,0.25
ENGL 1181,ENGL 2223,0.25
ENGL 1191,ENGL 2223,0.25
ENGL 1100,ENGL 2266,0.25
ENGL 1123,ENGL 2266,0.25
ENGL 1125,ENGL 2266,0.25
ENGL 1127,ENGL 2266,0.25
ENGL 1128,ENGL 2266,0.25
ENGL 1129,ENGL 2266,0.25
ENGL 1130,ENGL 2266,0.25
ENGL 1181,ENGL 2266,0.25
ENGL 1191,ENGL 2266,0.25
ENGL 1100,ENGL 2630,0.25
ENGL 1123,ENGL 2630,0.25
ENGL 1125,ENGL 2630,0.25
ENGL 1127,ENGL 2630,0.25
ENGL 1128,ENGL 2630,0.25
ENGL 1129,ENGL 2630,0.25
ENGL 1130,ENGL 2630,0.25
ENGL 1181,ENGL 2630,0.25
ENGL 1191,ENGL 2630,0.25
ENGL 1100,ENGL 2236,0.25
ENGL 1123,ENGL 2236,0.25
ENGL 1125,ENGL 2236,0.25
ENGL 1127,ENGL 2236,0.25
ENGL 1128,ENGL 2236,0.25
ENGL 1129,ENGL 2236,0.25
ENGL 1130,ENGL 2236,0.25
ENGL 1181,ENGL 2236,0.25
ENGL 1191,ENGL 2236,0.25
ENGL 1100,ENGL 2222,0.25
ENGL 1123,ENGL 2222,0.25
ENGL 1125,ENGL 2222,0.25
ENGL 1127,ENGL 2222,0.25
ENGL 1128,ENGL 2222,0.25
ENGL 1129,ENGL 2222,0.25
ENGL 1130,ENGL 2222,0.25
ENGL 1181,ENGL 2222,0.25
ENGL 1191,ENGL 2222,0.25
ENGL 1100,ENGL 2233,0.25
ENGL 1123,ENGL 2233,0.25
ENGL 1125,ENGL 2233,0.25
ENGL 1127,ENGL 2233,0.25
ENGL 1128,ENGL 2233,0.25
ENGL 1129,ENGL 2233,0.25
ENGL 1130,ENGL 2233,0.25
ENGL 1181,ENGL 2233,0.25
ENGL 1191,ENGL 2233,0.25
ENGL 1100,ENGL 2258,0.25
ENGL 1123,ENGL 2258,0.25
ENGL 1125,ENGL 2258,0.25
ENGL 1127,ENGL 2258,0.25
ENGL 1128,ENGL 2258,0.25
ENGL 1129,ENGL 2258,0.25
ENGL 1130,ENGL 2258,0.25
ENGL 1181,ENGL 2258,0.25
ENGL 1191,ENGL 2258,0.25
ENGL 1100,ENGL 2227,0.25
ENGL 1123,ENGL 2227,0.25
ENGL 1125,ENGL 2227,0.25
ENGL 1127,ENGL 2227,0.25
ENGL 1128,ENGL 2227,0.25
ENGL 1129,ENGL 2227,0.25
ENGL 1130,ENGL 2227,0.25
ENGL 1181,ENGL 2227,0.25
ENGL 1191,ENGL 2227,0.25
ENGL 1100,ENGL 2237,0.25
ENGL 1123,ENGL 2237,0.25
ENGL 1125,ENGL 2237,0.25
ENGL 1127,ENGL 2237,0.25
ENGL 1128,ENGL 2237,0.25
ENGL 1129,ENGL 2237,0.25
ENGL 1130,ENGL 2237,0.25
ENGL 1181,ENGL 2237,0.25
ENGL 1191,ENGL 2237,0.25
ENGL 1100,ENGL 2530,0.25
ENGL 1123,ENGL 2530,0.25
ENGL 1125,ENGL 2530,0.25
ENGL 1127,ENGL 2530,0.25
ENGL 1128,ENGL 2530,0.25
ENGL 1129,ENGL 2530,0.25
ENGL 1130,ENGL 2530,0.25
ENGL 1181,ENGL 2530,0.25
ENGL 1191,ENGL 2530,0.25
ENGL 1100,ENGL 2226,0.25
ENGL 1123,ENGL 2226,0.25
ENGL 1125,ENGL 2226,0.25
ENGL 1127,ENGL 2226,0.25
ENGL 1128,ENGL 2226,0.25
ENGL 1129,ENGL 2226,0.25
ENGL 1130,ENGL 2226,0.25
ENGL 1181,ENGL 2226,0.25
ENGL 1191,ENGL 2226,0.25
ENGL 1100,ENGL 2225,0.25
ENGL 1123,ENGL 2225,0.25
ENGL 1125,ENGL 2225,0.25
ENGL 1127,ENGL 2225,0.25
ENGL 1128,ENGL 2225,0.25
ENGL 1129,ENGL 2225,0.25
ENGL 1130,ENGL 2225,0.25
ENGL 1181,ENGL 2225,0.25
ENGL 1191,ENGL 2225,0.25
ENGL 1100,ENGL 2430,0.25
ENGL 1123,ENGL 2430,0.25
ENGL 1125,ENGL 2430,0.25
ENGL 1127,ENGL 2430,0.25
ENGL 1128,ENGL 2430,0.25
ENGL 1129,ENGL 2430,0.25
ENGL 1130,ENGL 2430,0.25
ENGL 1181,ENGL 2430,0.25
ENGL 1191,ENGL 2430,0.25
CHEM 1118,CHEM 1121,0.5
Chemistry 12,CHEM 1121,0.5
MATH 1152,CHEM 1121,0.5
Precalculus 12,CHEM 1121,0.5
MDT,CHEM 1121,0.5
MATH 1271,MATH 2485,0.5
MATH 1273,MATH 2485,0.5
MATH 1275,MATH 2485,0.5
MATH 1252,MATH 2485,0.5
MATH 2362,MATH 2485,0.5
STAT 1123,STAT 1224,0.25
STAT 1126,STAT 1224,0.25
STAT 1124,STAT 1224,0.25
STAT 1127,STAT 1224,0.25
STAT 1181,STAT 1224,0.25
DASH 1199,DASH 2199,1
DASH 2000,DASH 2199,1
ENGL 1123,DASH 2199,0.5
ENGL 1127,DASH 2199,0.5
ENGL 1128,DASH 2199,0.5
English First Peoples 12,SCIE 1114,0.25
English Studies 12,SCIE 1114,0.25
Literary Studies 12,SCIE 1114,0.25
IELTS,SCIE 1114,0.5
LET,SCIE 1114,0.5
FMGT 2116,FMGT 2500,1
FMGT 2325,FMGT 2500,1
FMGT 2485,FMGT 2500,1
CMNS 1118,FMGT 2500,0.5
ENGL 1123,FMGT 2500,0.5
ENGL 1127,FMGT 2500,0.5
ENGL 1100,FINA 2180,0.5
ENGL 1123,FINA 2180,0.5
AHIS 2250,FINA 2180,1
FINA 2110,FINA 2180,0.5
FINA 2111,FINA 2180,0.5
FINA 2115,FINA 2180,0.5
FINA 2120,FINA 2180,0.5
FINA 2130,FINA 2180,0.5
FINA 2135,FINA 2180,0.5
FINA 2140,FINA 2180,0.5
FINA 2141,FINA 2180,0.5
FINA 2150,FINA 2180,0.5
FINA 2160,FINA 2180,0.5
FINA 2161,FINA 2180,0.5
FINA 2162,FINA 2180,0.5
FINA 2171,FINA 2180,0.5
FINA 2172,FINA 2180,0.5
FINA 2173,FINA 2180,0.5
FINA 2190,FINA 2180,0.5
FINA 2195,FINA 2180,0.5
French 12,FREN 1119,0.5
FREN 1217,FREN 1119,0.5
FREN 1218,FREN 1119,0.5
CPSC 1401,CPSC 2401,0.5
CPSC 1150,CPSC 2401,0.25
CPSC 1155,CPSC 2401,0.25
Physics 12,CPSC 1401,0.25
PHYS 1118,CPSC 1401,0.25
LET,CMNS 4810,0.5
English First Peoples 12,CMNS 4810,0.25
English Studies 12,CMNS 4810,0.25
Literary Studies 12,CMNS 4810,0.25
ENGL 1120,CMNS 4810,0.5
ENGL 1107,CMNS 4810,0.25
ENGL 1108,CMNS 4810,0.25
ENGL 1110,CMNS 4810,0.25
BIOL 1115,BIOL 2350,0.5
BIOL 1215,BIOL 2350,0.5
ENGL 1100,ENVS 2100,0.25
ENGL 1123,ENVS 2100,0.25
ENGL 1127,ENVS 2100,0.25
ENGL 1128,ENVS 2100,0.25
Physics 12,PHYS 1101,0.5
PHYS 1118,PHYS 1101,0.5
Physics Diagnostic Test,PHYS 1101,0.5
MATH 1171,PHYS 1101,0.5
MATH 1173,PHYS 1101,0.5
MATH 1183,PHYS 1101,0.5
MATH 1175,PHYS 1101,0.5
MATH 1253,PHYS 1101,0.5
SOCI 1120,SOCI 2233,1
ANTH 1120,SOCI 2233,0.5
SOCI 1121,SOCI 2233,0.5
SOCI 1122,SOCI 2233,0.5
SOCI 1125,SOCI 2233,0.5
SOCI 1127,SOCI 2233,0.5
SOCI 1130,SOCI 2233,0.5
DSGN 1154,DSGN 2252,1
DSGN 1255,DSGN 2252,1
DSGN 2154,DSGN 2252,1
DSGN 2253,DSGN 2252,1
DSGN 1151,DSGN 2252,1
DSGN 1152,DSGN 2252,1
DSGN 1153,DSGN 2252,1
DSGN 1250,DSGN 2252,1
DSGN 1252,DSGN 2252,1
DSGN 1253,DSGN 2252,1
DSGN 2151,DSGN 2252,1
DSGN 2152,DSGN 2252,1
FINA 1143,FINA 2190,1
FINA 1171,FINA 2190,1
BIOL 2315,CHEM 3216,1
CHEM 2216,CHEM 3216,1
CPSC 2221,CHEM 3216,1
MATH 1252,CHEM 3216,1
EXPE 4801,EXPE 4814,1
EXPE 4802,EXPE 4814,1
EXPE 4803,EXPE 4814,1
PHOT 1100,PHOT 2440,0.5
PHOT 1105,PHOT 2440,0.5
NURS 5110,NURS 5100,1
NURS 5115,NURS 5100,1
NURS 5120,NURS 5100,1
NURS 5130,NURS 5100,1
NURS 5135,NURS 5100,1
NURS 5110,NURS 5125,1
NURS 5115,NURS 5125,1
NURS 5120,NURS 5125,1
NURS 5130,NURS 5125,1
NURS 5135,NURS 5125,1
NURS 5110,NURS 5145,1
NURS 5115,NURS 5145,1
NURS 5120,NURS 5145,1
NURS 5130,NURS 5145,1
NURS 5135,NURS 5145,1
CPSC 1040,CPSC 2130,0.25
CPSC 1045,CPSC 2130,0.25
CPSC 1150,CPSC 2130,0.25
CPSC 1155,CPSC 2130,0.25
BC French 9,FREN 1205,0.25
BC French 10,FREN 1205,0.25
FREN 1115,FREN 1205,0.25
FREN 1215,FREN 1205,0.25
FREN 1117,FREN 1205,0.25
COOP 2300,BUSM 5000,1
BUSM 4805,BUSM 4850,1
BUSM 4820,BUSM 4850,1
MARK 4810,BUSM 4850,1
STAT 4800,BUSM 4850,1
BUSM 4810,BUSM 4850,0.5
MARK 4820,BUSM 4850,0.5
NURS 5110,NURS 5185,1
NURS 5115,NURS 5185,1
NURS 5120,NURS 5185,1
NURS 5130,NURS 5185,1
NURS 5135,NURS 5185,1
ECED 1101,ECED 1119,0.5
ECED 1112,ECED 1119,0.5
ECED 1115,ECED 1119,0.5
ECED 1116,ECED 1119,0.5
ECED 1118,ECED 1119,0.5
ECED 1102,ECED 1119,0.5
ANTH 1131,ANTH 2233,0.25
ANTH 1132,ANTH 2233,0.25
ANTH 2231,ANTH 2233,0.25
BIOL 1115,ANTH 2233,0.25
BIOL 1116,ANTH 2233,0.25
ANTH 2250,RELS 2210,0.5
RELS 1110,RELS 2210,0.5
RELS 1120,RELS 2210,0.5
RELS 1210,RELS 2210,0.5
RELS 1215,RELS 2210,0.5
RELS 1220,RELS 2210,0.5
RELS 1230,RELS 2210,0.5
NURS 5100,NURS 5265,1
NURS 5120,NURS 5265,1
NURS 5125,NURS 5265,1
NURS 5145,NURS 5265,1
NURS 5150,NURS 5265,1
CMNS 2228,BUSM 4120,1
JOUR 1179,JOUR 2279,1
JOUR 1240,JOUR 2279,1
JOUR 1288,JOUR 2279,1
JOUR 2178,JOUR 2279,1
JOUR 2398,JOUR 2279,1
MATH 2362,MATH 2382,1
BIOL 2292,NURS 2209,1
NURS 2109,NURS 2209,1
NURS 2160,NURS 2209,1
NURS 2161,NURS 2209,1
NURS 2163,NURS 2209,1
PHYS 1115,PHYS 1219,1
PHYS 1125,PHYS 1219,1
MATH 1153,PHYS 1219,0.5
MATH 1171,PHYS 1219,0.5
MATH 1173,PHYS 1219,0.5
MATH 1253,PHYS 1219,0.5
GERO 2315,GERO 2415,0.5
DSGN 1151,DSGN 1250,1
DSGN 1255,DSGN 1250,1
CPSC 2221,CPSC 3260,1
CPSC 1160,CPSC 3260,0.5
CPSC 1181,CPSC 3260,0.5
CPSC 1280,CPSC 3260,0.5
HSCI 1195,HSCI 2295,1
PHOT 1105,PHOT 1225,1
PHOT 1110,PHOT 1225,1
PHOT 1125,PHOT 1225,1
PHOT 1105,PHOT 1205,1
PHOT 1110,PHOT 1205,1
PHOT 1125,PHOT 1205,1
BUSM 2200,BUSM 3392,1
LATN 1115,LATN 1117,0.5
WMDD 4811,WMDD 4835,1
WMDD 4815,WMDD 4835,1
WMDD 4820,WMDD 4835,1
BIOL 1190,BIOL 1191,0.5
DSGN 1255,DSGN 2351,1
CPSC 4810,CPSC 4830,0.5
CPSC 4820,CPSC 4830,0.5
DANA 4810,CPSC 4830,1
DANA 4820,CPSC 4830,1
WMDD 4815,WMDD 4840,1
WMDD 4820,WMDD 4840,1
CHEM 1220,CHEM 2316,0.5
ECED 2415,ECED 2418,0.5
ECED 2417,ECED 2418,0.5
PSYC 2318,ECED 2418,0.5
BCAP 3200,FMGT 4520,1
FMGT 3121,FMGT 4520,1
FMGT 3223,FMGT 4520,1
FMGT 3263,FMGT 4520,1
FMGT 4225,FMGT 4520,1
FMGT 4510,FMGT 4520,1
FINA 2130,FINA 2230,1
PHOT 1105,PHOT 1210,1
PHOT 1110,PHOT 1210,1
PHOT 1125,PHOT 1210,1
PHOT 1205,PHOT 1210,1
WMST 1116,WMST 2270,0.5
WMST 1216,WMST 2270,0.5
SPAN 1115,SPAN 1215,1
BIOL 2292,BIOL 3192,1
NURS 1104,BIOL 3192,0.5
NURS 2163,BIOL 3192,0.5
FREN 1117,FREN 1217,1
FINA 1120,FINA 2173,1
FINA 1171,FINA 2173,1
FINA 1161,FINA 2173,0.5
FINA 1220,FINA 2173,0.5
BUSM 1500,NURS 5150,1
NURS 5110,NURS 5150,1
NURS 5115,NURS 5150,1
NURS 5130,NURS 5150,1
NURS 5135,NURS 5150,1
GERO 1100,GERO 2100,0.5
GERO 1100,GERO 2215,0.5
COOP 3301,COOP 4303,0.5
COOP 3302,COOP 4303,0.5
COOP 3303,COOP 4303,0.5
English First Peoples 12,JOUR 1225,0.25
English Studies 12,JOUR 1225,0.25
Literary Studies 12,JOUR 1225,0.25
ENGL 1120,JOUR 1225,0.5
ENGL 1107,JOUR 1225,0.25
ENGL 1110,JOUR 1225,0.25
English First Peoples 12,JOUR 1142,0.25
English Studies 12,JOUR 1142,0.25
Literary Studies 12,JOUR 1142,0.25
ENGL 1120,JOUR 1142,0.5
ENGL 1107,JOUR 1142,0.25
ENGL 1110,JOUR 1142,0.25
English First Peoples 12,JOUR 1220,0.25
English Studies 12,JOUR 1220,0.25
Literary Studies 12,JOUR 1220,0.25
ENGL 1120,JOUR 1220,0.5
ENGL 1107,JOUR 1220,0.25
ENGL 1110,JOUR 1220,0.25
English First Peoples 12,JOUR 1200,0.25
English Studies 12,JOUR 1200,0.25
Literary Studies 12,JOUR 1200,0.25
ENGL 1120,JOUR 1200,0.5
ENGL 1107,JOUR 1200,0.25
ENGL 1110,JOUR 1200,0.25
English First Peoples 12,JOUR 1122,0.25
English Studies 12,JOUR 1122,0.25
Literary Studies 12,JOUR 1122,0.25
ENGL 1120,JOUR 1122,0.5
ENGL 1107,JOUR 1122,0.25
ENGL 1110,JOUR 1122,0.25
English First Peoples 12,JOUR 1128,0.25
English Studies 12,JOUR 1128,0.25
Literary Studies 12,JOUR 1128,0.25
ENGL 1120,JOUR 1128,0.5
ENGL 1107,JOUR 1128,0.25
ENGL 1110,JOUR 1128,0.25
English First Peoples 12,JOUR 2410,0.25
English Studies 12,JOUR 2410,0.25
Literary Studies 12,JOUR 2410,0.25
ENGL 1120,JOUR 2410,0.5
ENGL 1107,JOUR 2410,0.25
ENGL 1110,JOUR 2410,0.25
English First Peoples 12,JOUR 1290,0.25
English Studies 12,JOUR 1290,0.25
Literary Studies 12,JOUR 1290,0.25
ENGL 1120,JOUR 1290,0.5
ENGL 1107,JOUR 1290,0.25
ENGL 1110,JOUR 1290,0.25
English First Peoples 12,JOUR 1288,0.25
English Studies 12,JOUR 1288,0.25
Literary Studies 12,JOUR 1288,0.25
ENGL 1120,JOUR 1288,0.5
ENGL 1107,JOUR 1288,0.25
ENGL 1110,JOUR 1288,0.25
English First Peoples 12,JOUR 2458,0.25
English Studies 12,JOUR 2458,0.25
Literary Studies 12,JOUR 2458,0.25
ENGL 1120,JOUR 2458,0.5
ENGL 1107,JOUR 2458,0.25
ENGL 1110,JOUR 2458,0.25
English First Peoples 12,JOUR 1168,0.25
English Studies 12,JOUR 1168,0.25
Literary Studies 12,JOUR 1168,0.25
ENGL 1120,JOUR 1168,0.5
ENGL 1107,JOUR 1168,0.25
ENGL 1110,JOUR 1168,0.25
English First Peoples 12,JOUR 2398,0.25
English Studies 12,JOUR 2398,0.25
Literary Studies 12,JOUR 2398,0.25
ENGL 1120,JOUR 2398,0.5
ENGL 1107,JOUR 2398,0.25
ENGL 1110,JOUR 2398,0.25
English First Peoples 12,JOUR 1230,0.25
English Studies 12,JOUR 1230,0.25
Literary Studies 12,JOUR 1230,0.25
ENGL 1120,JOUR 1230,0.5
ENGL 1107,JOUR 1230,0.25
ENGL 1110,JOUR 1230,0.25
KINS 1100,KINS 3303,1
KINS 1103,KINS 3303,0.5
KINS 1120,KINS 3303,0.5
GEOG 1110,GEOG 2275,0.5
GEOG 1120,GEOG 2275,0.5
GEOG 1130,GEOG 2275,0.5
GEOG 1150,GEOG 2275,0.5
GEOG 1155,GEOG 2275,0.5
GEOG 1160,GEOG 2275,0.5
GEOG 1170,GEOG 2275,0.5
GEOG 2155,GEOG 2275,0.5
SOCI 1120,GEOG 2275,0.5
SOCI 1121,GEOG 2275,0.5
ANTH 1120,GEOG 2275,0.5
ENVS 2100,GEOG 2275,0.5
AHIS 1112,FINA 2290,0.5
AHIS 1114,FINA 2290,0.5
AHIS 1212,FINA 2290,0.5
AHIS 1214,FINA 2290,0.5
AHIS 1301,FINA 2290,0.5
AHIS 1302,FINA 2290,0.5
FINA 1143,FINA 2290,1
FINA 1171,FINA 2290,1
BIOL 1115,BIOL 2315,0.5
BIOL 1215,BIOL 2315,0.5
CHEM 1220,BIOL 2315,0.5
MATH 1271,MATH 2373,0.5
MATH 1273,MATH 2373,0.5
MATH 1274,MATH 2373,0.5
MATH 1275,MATH 2373,0.5
NURS 1109,NURS 1263,1
NURS 1121,NURS 1263,1
NURS 1130,NURS 1263,1
NURS 1160,NURS 1263,1
NURS 1163,NURS 1263,1
NURS 1109,NURS 1261,1
NURS 1121,NURS 1261,1
NURS 1130,NURS 1261,1
NURS 1160,NURS 1261,1
NURS 1163,NURS 1261,1
NURS 1109,NURS 1260,1
NURS 1121,NURS 1260,1
NURS 1130,NURS 1260,1
NURS 1160,NURS 1260,1
NURS 1163,NURS 1260,1
NURS 1109,NURS 1209,1
NURS 1121,NURS 1209,1
NURS 1130,NURS 1209,1
NURS 1160,NURS 1209,1
NURS 1163,NURS 1209,1
FMGT 1116,BUSM 3400,0.5
FMGT 1215,BUSM 3400,0.5
FMGT 2293,BUSM 3400,0.5
PHYS 1225,PHYS 2424,0.5
MATH 1271,PHYS 2424,0.25
MATH 1273,PHYS 2424,0.25
CPSC 1280,CPSC 2480,0.5
CPSC 1160,CPSC 2480,0.25
CPSC 1181,CPSC 2480,0.25
ENGL 1123,KINS 1160,0.5
ENGL 1127,KINS 1160,0.5
ENGL 1123,KINS 2262,0.5
ENGL 1127,KINS 2262,0.5
ENGL 1123,KINS 1150,0.5
ENGL 1127,KINS 1150,0.5
FINA 2120,FINA 2220,1
BUSM 4805,MARK 4820,1
MARK 4800,MARK 4820,1
FMGT 4800,MARK 4820,0.5
FMGT 4816,MARK 4820,0.5
EXPE 4801,EXPE 4803,1
EXPE 4802,EXPE 4803,1
BINF 3100,BINF 4100,1
French 12,FREN 1118,0.5
FREN 1217,FREN 1118,0.5
ENGL 1106,ENGL 1120,1
MARK 1115,MARK 1200,1
MARK 1115,MARK 2500,1
LATN 1117,LATN 2225,0.5
JOUR 1178,JOUR 2470,1
JOUR 2278,JOUR 2470,1
DSGN 2151,DSGN 2451,1
DSGN 2155,DSGN 2451,1
DSGN 2151,DSGN 2251,1
DSGN 2155,DSGN 2251,1
DSGN 1153,DSGN 2353,1
JOUR 1177,JOUR 2430,1
JOUR 2330,JOUR 2430,1
JOUR 2458,JOUR 2430,1
ECED 1212,ECED 1308,1
FLMA 1110,FLMA 1222,1
FLMA 1110,FLMA 1210,1
WMDD 4980,WMDD 4985,1
PSYC 1115,PSYC 2323,1
PSYC 1215,PSYC 2323,1
PSYC 1115,PSYC 2327,1
PSYC 1215,PSYC 2327,1
PSYC 1115,PSYC 2322,1
PSYC 1215,PSYC 2322,1
PSYC 1115,PSYC 2426,1
PSYC 1215,PSYC 2426,1
LATN 2225,LATN 2227,0.5
THEA 2460,THEA 3560,1
DSGN 1256,DSGN 2256,1
DSGN 1256,DSGN 2152,1
FLMA 1160,FLMA 1261,1
FLMA 1160,FLMA 1262,1
ECED 1112,ECED 1212,1
WMDD 4900,WMDD 4970,1
WMDD 4925,WMDD 4970,1
FINA 1161,FINA 2261,0.5
FINA 2161,FINA 2261,0.5
WMDD 4921,WMDD 4950,1
WMDD 4936,WMDD 4950,1
FLMA 1170,FLMA 1271,1
FLMA 1170,FLMA 1272,1
COOP 2301,COOP 2314,1
COOP 2301,COOP 2501,1
WMDD 4800,WMDD 4850,1
WMDD 4815,WMDD 4850,1
KINS 1131,KINS 2235,1
KINS 1132,KINS 2235,1
DANA 4810,DANA 4840,1
DANA 4820,DANA 4840,1
WMDD 4820,WMDD 4855,1
MATH 1162,MATH 1262,1
RECR 1160,RECR 2470,1
RECR 1160,RECR 2361,1
RECR 1160,RECR 1168,1
FMGT 1115,FMGT 1215,0.5
FMGT 2293,FMGT 1215,0.5
GERO 2100,GERO 2200,0.5
MATH 1153,MATH 1253,1
JOUR 1122,JOUR 1224,1
EDAS 1100,EDAS 1200,1
GREK 1115,GREK 1215,1
WMDD 4921,WMDD 4998,1
WMDD 4930,WMDD 4998,1
WMDD 4936,WMDD 4998,1
WMDD 4961,WMDD 4998,1
WMDD 4980,WMDD 4998,1
PHOT 1190,PHOT 2490,1
FINA 2110,FINA 2210,1
LIBR 2418,LIBR 2315,1
BIOL 3315,BIOL 4315,1
BIOL 3430,BIOL 4315,1
CPSC 3280,BIOL 4315,1
FLMA 1170,FLMA 1280,1
FLMA 1180,FLMA 1280,1
BINF 4215,BINF 4225,1
SSRV 1131,SSRV 1233,1
SSRV 1230,SSRV 1233,1
BIOL 1115,BIOL 2370,0.5
BIOL 1215,BIOL 2370,0.5
ABST 1104,ABST 2120,1
SPAN 2119,SPAN 2219,1
FMGT 4860,FMGT 4865,1
BIOL 1191,BIOL 2192,1
NURS 1163,BIOL 2192,1
GERO 1115,GERO 1215,1
PHYS 1125,PHYS 2309,1
PHYS 1225,PHYS 2309,1
MDT,CPSC 1150,0.5
Precalculus 12,CPSC 1150,0.5
MATH 1171,CPSC 1150,0.25
MATH 1173,CPSC 1150,0.25
MATH 1183,CPSC 1150,0.25
MATH 1174,CPSC 1150,0.25
CPSC 1040,CPSC 1150,0.25
CPSC 1045,CPSC 1150,0.25
CPSC 1050,CPSC 1150,0.5
CPSC 1150,CPSC 1160,0.5
CPSC 1155,CPSC 1160,0.5
Precalculus 12,CPSC 1160,0.5
MATH 1170,CPSC 1160,0.25
MATH 1171,CPSC 1160,0.25
MATH 1173,CPSC 1160,0.25
MATH 1174,CPSC 1160,0.25
Calculus 12,CPSC 1160,0.5
MDT,CPSC 1160,0.5
CMNS 1118,MARK 2430,1
MARK 1115,MARK 2430,1
BUSM 1901,PHOT 2420,1
PHOT 2305,PHOT 2420,0.5
PHOT 2310,PHOT 2420,0.5
FINA 1160,FINA 2161,0.25
FINA 1161,FINA 2161,0.25
HSCI 1130,HSCI 2211,1
BIOL 1111,HSCI 2211,0.5
BIOL 1115,HSCI 2211,0.5
BIOL 1116,HSCI 2211,0.5
BIOL 1175,HSCI 2211,0.5
BIOL 1190,HSCI 2211,0.5
HKIN 1190,HSCI 2211,0.5
HSCI 1130,HSCI 2216,1
BIOL 1111,HSCI 2216,0.5
BIOL 1115,HSCI 2216,0.5
BIOL 1116,HSCI 2216,0.5
BIOL 1175,HSCI 2216,0.5
BIOL 1190,HSCI 2216,0.5
HKIN 1190,HSCI 2216,0.5
COOP 2501,COOP 3303,0.5
COOP 2502,COOP 3303,0.5
COOP 2503,COOP 3303,0.5
COOP 2501,COOP 3302,0.5
COOP 2502,COOP 3302,0.5
COOP 2503,COOP 3302,0.5
CMNS 1118,MARK 2200,0.5
MARK 1115,MARK 2200,0.5
MARK 4800,MARK 2200,0.5
LET,ENGL 1129,0.5
English First Peoples 12,ENGL 1129,0.5
English Studies 12,ENGL 1129,0.5
Literary Studies 12,ENGL 1129,0.5
ENGL 1120,ENGL 1129,0.5
ENGL 1107,ENGL 1129,0.25
ENGL 1108,ENGL 1129,0.25
ENGL 1110,ENGL 1129,0.25
LET,ENGL 1191,0.5
English First Peoples 12,ENGL 1191,0.5
English Studies 12,ENGL 1191,0.5
Literary Studies 12,ENGL 1191,0.5
ENGL 1120,ENGL 1191,0.5
ENGL 1107,ENGL 1191,0.25
ENGL 1108,ENGL 1191,0.25
ENGL 1110,ENGL 1191,0.25
LET,ENGL 1100,0.5
English First Peoples 12,ENGL 1100,0.5
English Studies 12,ENGL 1100,0.5
Literary Studies 12,ENGL 1100,0.5
ENGL 1120,ENGL 1100,0.5
ENGL 1107,ENGL 1100,0.25
ENGL 1108,ENGL 1100,0.25
ENGL 1110,ENGL 1100,0.25
LET,ENGL 1130,0.5
English First Peoples 12,ENGL 1130,0.5
English Studies 12,ENGL 1130,0.5
Literary Studies 12,ENGL 1130,0.5
ENGL 1120,ENGL 1130,0.5
ENGL 1107,ENGL 1130,0.25
ENGL 1108,ENGL 1130,0.25
ENGL 1110,ENGL 1130,0.25
Precalculus 11,HSCI 1130,0.5
Precalculus 12,HSCI 1130,0.5
Foundations of Math 11,HSCI 1130,0.5
Foundations of Math 12,HSCI 1130,0.5
Apprentice and Workplace Math 12,HSCI 1130,0.5
MATH 1150,HSCI 1130,0.25
MATH 1152,HSCI 1130,0.25
MATH 1153,HSCI 1130,0.25
MATH 1170,HSCI 1130,0.25
MATH 1171,HSCI 1130,0.25
MATH 1173,HSCI 1130,0.25
MATH 1174,HSCI 1130,0.25
MDT,HSCI 1130,0.5
English First Peoples 12,HSCI 1130,0.5
English Studies 12,HSCI 1130,0.5
Literary Studies 12,HSCI 1130,0.5
LET,HSCI 1130,0.5
ENGL 1107,HSCI 1130,0.5
CMNS 1114,HSCI 1130,0.25
CMNS 1118,HSCI 1130,0.25
CMNS 1122,HSCI 1130,0.25
ENGL 1123,HSCI 1130,0.25
ENGL 1127,HSCI 1130,0.25
MATH 1118,FMGT 2116,0.5
MATH 1119,FMGT 2116,0.5
MATH 1171,FMGT 2116,0.5
MATH 1174,FMGT 2116,0.5
FMGT 1116,FMGT 2116,0.5
FMGT 1215,FMGT 2116,0.5
FMGT 2293,FMGT 2116,0.5
English First Peoples 12,FMGT 2116,0.5
English Studies 12,FMGT 2116,0.5
Literary Studies 12,FMGT 2116,0.5
ENGL 1120,FMGT 2116,0.5
ENGL 1121,FMGT 2116,0.5
ENGL 1107,FMGT 2116,0.5
ENGL 1108,FMGT 2116,0.5
ENGL 1110,FMGT 2116,0.5
LET,FMGT 2116,0.5
LEAP,FMGT 2116,0.5
LET,CRIM 1220,0.5
LPI,CRIM 1220,0.5
ENGL 1123,CRIM 1220,0.25
ENGL 1127,CRIM 1220,0.25
ENGL 1128,CRIM 1220,0.25
ENGL 1129,CRIM 1220,0.25
ENGL 1130,CRIM 1220,0.25
CRIM 1115,CRIM 1220,0.5
CRIM 1116,CRIM 1220,0.5
CRIM 1125,CRIM 1220,0.5
ECON 1119,CRIM 1220,0.5
ECON 1220,CRIM 1220,0.5
ECON 1221,CRIM 1220,0.5
HIST 1116,CRIM 1220,0.5
HIST 1126,CRIM 1220,0.5
PHIL 1100,CRIM 1220,0.5
PHIL 1101,CRIM 1220,0.5
POLI 1100,CRIM 1220,0.5
POLI 1119,CRIM 1220,0.5
PSYC 1115,CRIM 1220,0.5
PSYC 1215,CRIM 1220,0.5
SOCI 1120,CRIM 1220,0.5
SOCI 1121,CRIM 1220,0.5
LET,CRIM 2103,0.5
LPI,CRIM 2103,0.5
ENGL 1123,CRIM 2103,0.25
ENGL 1127,CRIM 2103,0.25
ENGL 1128,CRIM 2103,0.25
ENGL 1129,CRIM 2103,0.25
ENGL 1130,CRIM 2103,0.25
CRIM 1115,CRIM 2103,0.5
CRIM 1116,CRIM 2103,0.5
CRIM 1125,CRIM 2103,0.5
ECON 1119,CRIM 2103,0.5
ECON 1220,CRIM 2103,0.5
ECON 1221,CRIM 2103,0.5
HIST 1116,CRIM 2103,0.5
HIST 1126,CRIM 2103,0.5
PHIL 1100,CRIM 2103,0.5
PHIL 1101,CRIM 2103,0.5
POLI 1100,CRIM 2103,0.5
POLI 1119,CRIM 2103,0.5
PSYC 1115,CRIM 2103,0.5
PSYC 1215,CRIM 2103,0.5
SOCI 1120,CRIM 2103,0.5
SOCI 1121,CRIM 2103,0.5
Precalculus 11,MATH 1190,0.25
Foundations of Mathematics 12,MATH 1190,0.25
Precalculus 12,MATH 1190,0.5
MATH 1101,MATH 1190,0.5
MDT,MATH 1190,0.5
MARK 1115,MARK 1250,1
LET,MARK 1250,0.5
LPI,MARK 1250,0.5
BC English 12,MARK 1250,0.5
BC English Literature 12,MARK 1250,0.5
BC English First Peoples 12,MARK 1250,0.5
ENGL 1120,MARK 1250,0.5
ENGL 1107,MARK 1250,0.25
ENGL 1108,MARK 1250,0.25
ENGL 1110,MARK 1250,0.25
CHEM 1114,CHEM 1118,0.5
Chemistry 11,CHEM 1118,0.5
Chemistry 12,CHEM 1118,0.5
MATH 1150,CHEM 1118,0.5
Precalculus 11,CHEM 1118,0.5
Precalculus 12,CHEM 1118,0.5
MATH 1152,CHEM 1118,0.5
MATH 1170,CHEM 1118,0.5
MATH 1171,CHEM 1118,0.5
MATH 1173,CHEM 1118,0.5
MATH 1174,CHEM 1118,0.5
MATH 1175,CHEM 1118,0.5
Langara Math Diagnostic Test,CHEM 1118,0.5
Precalculus 12,CPSC 1090,0.5
Calculus 12,CPSC 1090,0.5
MATH 1170,CPSC 1090,0.5
Mathematics Diagnostic Test,CPSC 1090,0.5
Principles of Physics 12,CPSC 1090,0.5
PHYS 1118,CPSC 1090,0.5
English First Peoples 12,BUSM 1200,0.25
English Studies 12,BUSM 1200,0.25
Literary Studies 12,BUSM 1200,0.25
ENGL 1120,BUSM 1200,0.5
ENGL 1121,BUSM 1200,0.25
ENGL 1107,BUSM 1200,0.25
ENGL 1108,BUSM 1200,0.25
ENGL 1110,BUSM 1200,0.25
LET,BUSM 1200,0.5
LEAP,BUSM 1200,0.5
LPI,BUSM 1200,0.5
English First Peoples 12,BUSM 2200,0.25
English Studies 12,BUSM 2200,0.25
Literary Studies 12,BUSM 2200,0.25
ENGL 1120,BUSM 2200,0.5
ENGL 1121,BUSM 2200,0.25
ENGL 1107,BUSM 2200,0.25
ENGL 1108,BUSM 2200,0.25
ENGL 1110,BUSM 2200,0.25
LET,BUSM 2200,0.5
LEAP,BUSM 2200,0.5
LPI,BUSM 2200,0.5
English First Peoples 12,BUSM 2115,0.25
English Studies 12,BUSM 2115,0.25
Literary Studies 12,BUSM 2115,0.25
ENGL 1120,BUSM 2115,0.5
ENGL 1121,BUSM 2115,0.25
ENGL 1107,BUSM 2115,0.25
ENGL 1108,BUSM 2115,0.25
ENGL 1110,BUSM 2115,0.25
LET,BUSM 2115,0.5
LEAP,BUSM 2115,0.5
LPI,BUSM 2115,0.5
English First Peoples 12,BUSM 1115,0.25
English Studies 12,BUSM 1115,0.25
Literary Studies 12,BUSM 1115,0.25
ENGL 1120,BUSM 1115,0.5
ENGL 1121,BUSM 1115,0.25
ENGL 1107,BUSM 1115,0.25
ENGL 1108,BUSM 1115,0.25
ENGL 1110,BUSM 1115,0.25
LET,BUSM 1115,0.5
LEAP,BUSM 1115,0.5
LPI,BUSM 1115,0.5
LET,FSIE 1120,0.25
ENGL 1121,FSIE 1120,0.25
English First Peoples 12,FSIE 1120,0.25
English Studies 12,FSIE 1120,0.25
Literary Studies 12,FSIE 1120,0.25
ENGL 1120,FSIE 1120,0.5
ENGL 1107,FSIE 1120,0.25
ENGL 1108,FSIE 1120,0.25
ENGL 1110,FSIE 1120,0.25
Precalculus 12,MATH 1153,0.5
MDT,MATH 1153,0.5
MATH 1152,MATH 1153,0.5
MATH 1170,MATH 1153,0.5
Calculus 12,MATH 1153,0.5
Precalculus 12,MATH 1174,0.5
MDT,MATH 1174,0.5
MATH 1170,MATH 1174,0.5
Calculus 12,MATH 1174,0.5
Foundations of Mathematics 11,STAT 1124,0.25
Precalculus 11,STAT 1124,0.25
Foundations of Mathematics 12,STAT 1124,0.25
Precalculus 12,STAT 1124,0.25
MATH 1150,STAT 1124,0.5
MDT,STAT 1124,0.5
CHEM 1120,CHEM 1220,1
MATH 1152,CHEM 1220,0.5
Precalculus 12,CHEM 1220,0.5
MDT,CHEM 1220,0.5
STAT 1123,MARK 2100,0.5
STAT 1124,MARK 2100,0.5
STAT 1181,MARK 2100,0.5
English First Peoples 12,MARK 2100,0.5
English Studies 12,MARK 2100,0.5
Literary Studies 12,MARK 2100,0.5
ENGL 1120,MARK 2100,0.5
ENGL 1121,MARK 2100,0.5
ENGL 1107,MARK 2100,0.25
ENGL 1108,MARK 2100,0.25
ENGL 1110,MARK 2100,0.25
LET,MARK 2100,0.5
LEAP 8,MARK 2100,0.5
LPI,MARK 2100,0.5
FMGT 1321,FMGT 2421,1
English First Peoples 12,FMGT 2421,0.5
English Studies 12,FMGT 2421,0.5
Literary Studies 12,FMGT 2421,0.5
ENGL 1120,FMGT 2421,0.5
ENGL 1121,FMGT 2421,0.5
ENGL 1107,FMGT 2421,0.25
ENGL 1108,FMGT 2421,0.25
ENGL 1110,FMGT 2421,0.25
LET,FMGT 2421,0.5
LEAP 8,FMGT 2421,0.5
Precalculus 12,CPSC 1091,0.5
Calculus 12,CPSC 1091,0.5
MATH 1170,CPSC 1091,0.5
MDT,CPSC 1091,0.5
Physics 12,CPSC 1091,0.5
PHYS 1118,CPSC 1091,0.5
FMGT 1115,FMGT 2294,0.5
FMGT 1116,FMGT 2294,0.5
FMGT 1215,FMGT 2294,0.5
FMGT 2293,FMGT 2294,0.5
English First Peoples 12,FMGT 2294,0.5
English Studies 12,FMGT 2294,0.5
Literary Studies 12,FMGT 2294,0.5
ENGL 1120,FMGT 2294,0.5
ENGL 1121,FMGT 2294,0.5
ENGL 1107,FMGT 2294,0.25
ENGL 1108,FMGT 2294,0.25
ENGL 1110,FMGT 2294,0.25
LET,FMGT 2294,0.5
LEAP 8,FMGT 2294,0.5
LPI,FMGT 2294,0.5
LET,HSCI 1180,0.5
IELTS,HSCI 1180,0.5
English First Peoples 12,HSCI 1180,0.25
English Studies 12,HSCI 1180,0.25
Literary Studies 12,HSCI 1180,0.25
CMNS 1115,HSCI 1180,0.25
CMNS 1118,HSCI 1180,0.25
ENGL 1120,HSCI 1180,0.25
ENGL 1123,HSCI 1180,0.25
ENGL 1127,HSCI 1180,0.25
ENGL 1128,HSCI 1180,0.25
ENGL 1107,HSCI 1180,0.25
ENGL 1108,HSCI 1180,0.25
ENGL 1110,HSCI 1180,0.25
HSCI 1120,HSCI 1180,0.25
HSCI 1130,HSCI 1180,0.25
HSCI 1140,HSCI 1180,0.25
HSCI 1160,HSCI 1180,0.25
MATH 1100,MATH 1101,0.5
MDT,MATH 1101,0.5
Langara English Test,CRIM 2416,0.5
LPI,CRIM 2416,0.5
ENGL 1123,CRIM 2416,0.25
ENGL 1127,CRIM 2416,0.25
ENGL 1128,CRIM 2416,0.25
ENGL 1129,CRIM 2416,0.25
ENGL 1130,CRIM 2416,0.25
CRIM 1115,CRIM 2416,0.5
ECON 1119,CRIM 2416,0.5
ECON 1220,CRIM 2416,0.5
ECON 1221,CRIM 2416,0.5
HIST 1116,CRIM 2416,0.5
HIST 1126,CRIM 2416,0.5
PHIL 1100,CRIM 2416,0.5
PHIL 1101,CRIM 2416,0.5
POLI 1100,CRIM 2416,0.5
POLI 1119,CRIM 2416,0.5
PSYC 1115,CRIM 2416,0.5
PSYC 1215,CRIM 2416,0.5
SOCI 1120,CRIM 2416,0.5
SOCI 1121,CRIM 2416,0.5
Langara English Test,CRIM 2315,0.5
LPI,CRIM 2315,0.5
ENGL 1123,CRIM 2315,0.25
ENGL 1127,CRIM 2315,0.25
ENGL 1128,CRIM 2315,0.25
ENGL 1129,CRIM 2315,0.25
ENGL 1130,CRIM 2315,0.25
CRIM 1115,CRIM 2315,0.5
ECON 1119,CRIM 2315,0.5
ECON 1220,CRIM 2315,0.5
ECON 1221,CRIM 2315,0.5
HIST 1116,CRIM 2315,0.5
HIST 1126,CRIM 2315,0.5
PHIL 1100,CRIM 2315,0.5
PHIL 1101,CRIM 2315,0.5
POLI 1100,CRIM 2315,0.5
POLI 1119,CRIM 2315,0.5
PSYC 1115,CRIM 2315,0.5
PSYC 1215,CRIM 2315,0.5
SOCI 1120,CRIM 2315,0.5
SOCI 1121,CRIM 2315,0.5
Langara English Test,CRIM 2316,0.5
LPI,CRIM 2316,0.5
ENGL 1123,CRIM 2316,0.25
ENGL 1127,CRIM 2316,0.25
ENGL 1128,CRIM 2316,0.25
ENGL 1129,CRIM 2316,0.25
ENGL 1130,CRIM 2316,0.25
CRIM 1115,CRIM 2316,0.5
ECON 1119,CRIM 2316,0.5
ECON 1220,CRIM 2316,0.5
ECON 1221,CRIM 2316,0.5
HIST 1116,CRIM 2316,0.5
HIST 1126,CRIM 2316,0.5
PHIL 1100,CRIM 2316,0.5
PHIL 1101,CRIM 2316,0.5
POLI 1100,CRIM 2316,0.5
POLI 1119,CRIM 2316,0.5
PSYC 1115,CRIM 2316,0.5
PSYC 1215,CRIM 2316,0.5
SOCI 1120,CRIM 2316,0.5
SOCI 1121,CRIM 2316,0.5
CHEM 1120,CHEM 1221,0.5
CHEM 1121,CHEM 1221,0.5
MATH 1152,CHEM 1221,0.5
Precalculus 12,CHEM 1221,0.5
MDT,CHEM 1221,0.5
LET,HSCI 1160,0.5
IELTS,HSCI 1160,0.5
English First Peoples 12,HSCI 1160,0.5
English Studies 12,HSCI 1160,0.5
Literary Studies 12,HSCI 1160,0.5
CMNS 1115,HSCI 1160,0.25
CMNS 1118,HSCI 1160,0.25
ENGL 1120,HSCI 1160,0.25
ENGL 1123,HSCI 1160,0.25
ENGL 1127,HSCI 1160,0.25
ENGL 1128,HSCI 1160,0.25
ENGL 1107,HSCI 1160,0.25
ENGL 1108,HSCI 1160,0.25
ENGL 1110,HSCI 1160,0.25
HSCI 1120,HSCI 1160,0.25
HSCI 1130,HSCI 1160,0.25
HSCI 1140,HSCI 1160,0.25
HSCI 1180,HSCI 1160,0.25
MARK 1115,MARK 2400,1
English First Peoples 12,MARK 2400,0.25
English Studies 12,MARK 2400,0.25
Literary Studies 12,MARK 2400,0.25
ENGL 1120,MARK 2400,0.5
ENGL 1121,MARK 2400,0.5
ENGL 1107,MARK 2400,0.25
ENGL 1108,MARK 2400,0.25
ENGL 1110,MARK 2400,0.25
LET,MARK 2400,0.5
LEAP 8,MARK 2400,0.5
LPI,MARK 2400,0.5
PUBL 1115,MARK 2400,0.5
PUBL 1155,MARK 2400,0.5
Precalculus 12,MATH 1173,0.5
MDT,MATH 1173,0.5
MATH 1170,MATH 1173,0.5
Calculus 12,MATH 1173,0.5
LET,JOUR 1100,0.5
English First Peoples 12,JOUR 1100,0.25
English Studies 12,JOUR 1100,0.25
Literary Studies 12,JOUR 1100,0.25
equivalent,JOUR 1100,0.25
ENGL 1120,JOUR 1100,0.5
ENGL 1107,JOUR 1100,0.25
ENGL 1110,JOUR 1100,0.25
IELTS,JOUR 1100,0.5
TOEFL - internet-based (IBT),JOUR 1100,0.5
CAEL,JOUR 1100,0.5
LET,CRIM 2104,0.5
LPI,CRIM 2104,0.5
ENGL 1123,CRIM 2104,0.25
ENGL 1127,CRIM 2104,0.25
ENGL 1128,CRIM 2104,0.25
ENGL 1129,CRIM 2104,0.25
ENGL 1130,CRIM 2104,0.25
CRIM 1115,CRIM 2104,0.5
CRIM 1116,CRIM 2104,0.5
CRIM 1125,CRIM 2104,0.5
ECON 1119,CRIM 2104,0.5
ECON 1220,CRIM 2104,0.5
ECON 1221,CRIM 2104,0.5
HIST 1116,CRIM 2104,0.5
HIST 1126,CRIM 2104,0.5
PHIL 1100,CRIM 2104,0.5
PHIL 1101,CRIM 2104,0.5
POLI 1100,CRIM 2104,0.5
POLI 1119,CRIM 2104,0.5
PSYC 1115,CRIM 2104,0.5
PSYC 1215,CRIM 2104,0.5
SOCI 1120,CRIM 2104,0.5
SOCI 1121,CRIM 2104,0.5
LET,CMNS 1122,0.5
English First Peoples 12,CMNS 1122,0.25
English Studies 12,CMNS 1122,0.25
Literary Studies 12,CMNS 1122,0.25
ENGL 1120,CMNS 1122,0.5
ENGL 1107,CMNS 1122,0.25
ENGL 1108,CMNS 1122,0.25
ENGL 1110,CMNS 1122,0.25
LET,ENGL 1135,0.5
English First Peoples 12,ENGL 1135,0.25
English Studies 12,ENGL 1135,0.25
Literary Studies 12,ENGL 1135,0.25
ENGL 1120,ENGL 1135,0.5
ENGL 1107,ENGL 1135,0.25
ENGL 1108,ENGL 1135,0.25
ENGL 1110,ENGL 1135,0.25
LET,ENGL 1127,0.5
English First Peoples 12,ENGL 1127,0.25
English Studies 12,ENGL 1127,0.25
Literary Studies 12,ENGL 1127,0.25
ENGL 1120,ENGL 1127,0.5
ENGL 1107,ENGL 1127,0.25
ENGL 1108,ENGL 1127,0.25
ENGL 1110,ENGL 1127,0.25
LET,ENGL 1395,0.5
English First Peoples 12,ENGL 1395,0.25
English Studies 12,ENGL 1395,0.25
Literary Studies 12,ENGL 1395,0.25
ENGL 1120,ENGL 1395,0.5
ENGL 1107,ENGL 1395,0.25
ENGL 1108,ENGL 1395,0.25
ENGL 1110,ENGL 1395,0.25
LET,CMNS 1118,0.5
English First Peoples 12,CMNS 1118,0.25
English Studies 12,CMNS 1118,0.25
Literary Studies 12,CMNS 1118,0.25
ENGL 1120,CMNS 1118,0.5
ENGL 1107,CMNS 1118,0.25
ENGL 1108,CMNS 1118,0.25
ENGL 1110,CMNS 1118,0.25
RECR 1160,RECR 4160,0.5
RECR 1160,RECR 4270,0.5
RECR 1160,RECR 3260,0.5
RECR 1160,RECR 3160,0.5
RECR 1160,RECR 4150,0.5
RECR 1160,RECR 3230,0.5
BCAP 1200,FMGT 2308,1
FMGT 1115,FMGT 2308,0.5
FMGT 1215,FMGT 2308,0.5
FMGT 2293,FMGT 2308,0.5
English First Peoples 12,FMGT 2308,0.25
English Studies 12,FMGT 2308,0.25
Literary Studies 12,FMGT 2308,0.25
ENGL 1120,FMGT 2308,0.5
ENGL 1121,FMGT 2308,0.5
ENGL 1107,FMGT 2308,0.25
ENGL 1108,FMGT 2308,0.25
ENGL 1110,FMGT 2308,0.25
LET,FMGT 2308,0.5
LEAP 8,FMGT 2308,0.5
LPI,FMGT 2308,0.5
SPAN 1115,SPAN 1205,0.5
SPAN 1118,SPAN 1205,0.5
CHEM 1220,CHEM 2250,0.5
MATH 1171,CHEM 2250,0.25
MATH 1173,CHEM 2250,0.25
MATH 1174,CHEM 2250,0.25
MATH 1175,CHEM 2250,0.25
MATH 1253,CHEM 2250,0.25
MATH 1271,MATH 2365,0.5
MATH 1273,MATH 2365,0.5
MATH 1274,MATH 2365,0.5
MATH 1275,MATH 2365,0.5
MATH 1252,MATH 2365,0.5
MATH 2362,MATH 2365,0.5
CPSC 1160,CPSC 2301,0.25
CPSC 1181,CPSC 2301,0.25
CPSC 1280,CPSC 2301,0.5
CPSC 2221,CPSC 2301,0.5
ECON 1220,ECON 2296,1
ECON 1221,ECON 2296,1
MATH 1153,ECON 2296,0.5
MATH 1171,ECON 2296,0.5
MATH 1173,ECON 2296,0.5
MATH 1174,ECON 2296,0.5
MATH 1253,ECON 2296,0.5
MATH 1271,ECON 2296,0.5
MATH 1273,ECON 2296,0.5
MATH 1274,ECON 2296,0.5
LIBR 1219,LIBR 2419,1
LIBR 2328,LIBR 2419,1
LIBR 2411,LIBR 2419,1
LIBR 2416,LIBR 2419,1
LIBR 2418,LIBR 2419,1
MATH 1153,MATH 1252,0.5
MATH 1253,MATH 1252,0.5
MATH 1171,MATH 1252,0.25
MATH 1173,MATH 1252,0.25
MATH 1183,MATH 1252,0.25
MATH 1175,MATH 1252,0.25
CMNS 2228,MARK 4250,1
MARK 1115,MARK 4250,1
ENGL 1123,GERO 1400,0.25
ENGL 1127,GERO 1400,0.25
ENGL 1128,GERO 1400,0.25
GERO 1100,GERO 1400,0.5
GERO 1115,GERO 1400,0.5
HSCI 1195,GERO 1400,0.5
PSYC 1115,GERO 1400,0.5
Physics 11,PHYS 1118,0.5
Physics 12,PHYS 1118,0.5
PHYS 1114,PHYS 1118,0.5
Physics Diagnostic Test,PHYS 1118,0.5
Precalculus 12,PHYS 1118,0.5
MATH 1152,PHYS 1118,0.5
MATH 1153,PHYS 1118,0.5
MATH 1170,PHYS 1118,0.5
PHYS 1101,PHYS 1225,0.5
PHYS 1125,PHYS 1225,0.5
MATH 1271,PHYS 1225,0.5
MATH 1273,PHYS 1225,0.5
MATH 1283,PHYS 1225,0.5
MATH 1275,PHYS 1225,0.5
Data Analytics Math Assessment Test,DANA 4820,0.5
MATH 4801,DANA 4820,0.5
DANA 4800,DANA 4820,1
Data Analytics Math Assessment Test,DANA 4810,0.5
MATH 4801,DANA 4810,0.5
DANA 4800,DANA 4810,1
BIOL 2192,NURS 2163,1
NURS 1209,NURS 2163,1
NURS 1260,NURS 2163,1
NURS 1261,NURS 2163,1
NURS 1263,NURS 2163,1
BIOL 2192,NURS 2160,1
NURS 1209,NURS 2160,1
NURS 1260,NURS 2160,1
NURS 1261,NURS 2160,1
NURS 1263,NURS 2160,1
BIOL 2192,NURS 2161,1
NURS 1209,NURS 2161,1
NURS 1260,NURS 2161,1
NURS 1261,NURS 2161,1
NURS 1263,NURS 2161,1
CPSC 1030,CPSC 2030,1
CPSC 1045,CPSC 2030,0.5
CPSC 1040,CPSC 2030,0.5
CPSC 1150,CPSC 2030,0.5
CPSC 1155,CPSC 2030,0.5
BIOL 1118,ENVS 2391,0.25
BIOL 1218,ENVS 2391,0.25
BIOL 1115,ENVS 2391,0.25
BIOL 1215,ENVS 2391,0.25
ENVS 2390,ENVS 2391,0.5
ENVS 2470,ENVS 2391,0.5
BCAP 3200,BCAP 4200,1
BUSM 4805,BUSM 4810,1
MARK 4800,BUSM 4810,1
FMGT 4800,BUSM 4810,0.5
FMGT 4816,BUSM 4810,0.5
FMGT 1116,BUSM 3500,0.5
FMGT 1215,BUSM 3500,0.5
FMGT 2293,BUSM 3500,0.5
MARK 1115,BUSM 3500,1
CMNS 2228,BUSM 4100,1
GEOG 1110,GEOG 2250,0.25
GEOG 1120,GEOG 2250,0.25
GEOG 1130,GEOG 2250,0.25
GEOG 1150,GEOG 2250,0.25
GEOG 1155,GEOG 2250,0.25
GEOG 1160,GEOG 2250,0.25
GEOG 2210,GEOG 2250,0.25
GEOG 2230,GEOG 2250,0.25
GEOG 2270,GEOG 2250,0.25
GEOG 2275,GEOG 2250,0.25
Physics 12,PHYS 1125,0.5
PHYS 1118,PHYS 1125,0.5
Physics Diagnostic Test,PHYS 1125,0.5
MATH 1171,PHYS 1125,0.5
MATH 1173,PHYS 1125,0.5
MATH 1183,PHYS 1125,0.5
MATH 1175,PHYS 1125,0.5
MATH 1253,PHYS 1125,0.5
GEOG 1100,GEOG 2270,0.25
GEOG 1110,GEOG 2270,0.25
GEOG 1120,GEOG 2270,0.25
GEOG 1130,GEOG 2270,0.25
GEOG 1150,GEOG 2270,0.25
GEOG 1155,GEOG 2270,0.25
GEOG 1160,GEOG 2270,0.25
GEOG 1170,GEOG 2270,0.25
GEOG 2210,GEOG 2270,0.25
GEOG 2250,GEOG 2270,0.25
LAMS 1100,GEOG 2270,0.25
LAMS 1101,GEOG 2270,0.25
INTB 2000,INTB 4100,1
MATH 1271,MATH 2371,0.5
MATH 1273,MATH 2371,0.5
HSCI 1130,HSCI 2215,1
BIOL 1111,HSCI 2215,0.5
BIOL 1115,HSCI 2215,0.5
BIOL 1116,HSCI 2215,0.5
BIOL 1175,HSCI 2215,0.5
BIOL 1190,HSCI 2215,0.5
HKIN 1190,HSCI 2215,0.5
HSCI 1130,HSCI 2214,1
BIOL 1111,HSCI 2214,0.5
BIOL 1115,HSCI 2214,0.5
BIOL 1116,HSCI 2214,0.5
BIOL 1175,HSCI 2214,0.5
BIOL 1190,HSCI 2214,0.5
HKIN 1190,HSCI 2214,0.5
HSCI 1130,HSCI 2212,1
BIOL 1111,HSCI 2212,0.5
BIOL 1115,HSCI 2212,0.5
BIOL 1116,HSCI 2212,0.5
BIOL 1175,HSCI 2212,0.5
BIOL 1190,HSCI 2212,0.5
HKIN 1190,HSCI 2212,0.5
MARK 1115,MARK 3210,1
MARK 1115,MARK 3200,1
MARK 1115,MARK 3150,1
GERO 1100,GERO 2225,0.5
GERO 1300,GERO 2225,0.5
LIBR 1111,LIBR 1395,0.5
MATH 1171,MATH 1274,0.5
MATH 1173,MATH 1274,0.5
MATH 1174,MATH 1274,0.5
MATH 1175,MATH 1274,0.5
MATH 1253,MATH 1274,0.5
GEOG 1100,GEOG 2230,0.25
GEOG 1110,GEOG 2230,0.25
GEOG 1120,GEOG 2230,0.25
GEOG 1130,GEOG 2230,0.25
GEOG 1150,GEOG 2230,0.25
GEOG 1155,GEOG 2230,0.25
GEOG 1160,GEOG 2230,0.25
GEOG 1170,GEOG 2230,0.25
GEOG 2210,GEOG 2230,0.25
GEOG 2240,GEOG 2230,0.25
GEOG 2270,GEOG 2230,0.25
FMGT 1215,FMGT 2475,0.5
FMGT 2293,FMGT 2475,0.5
FMGT 1285,FMGT 2475,0.5
ECON 1221,FMGT 2475,1
COOP 2301,COOP 2502,0.5
COOP 2302,COOP 2502,0.5
COOP 2303,COOP 2502,0.5
COOP 2301,COOP 2503,0.5
COOP 2302,COOP 2503,0.5
COOP 2303,COOP 2503,0.5
COOP 2502,COOP 2503,1
ENGL 1100,KINS 2280,0.5
ENGL 1123,KINS 2280,0.5
ENGL 1125,KINS 2280,0.5
ENGL 1127,KINS 2280,0.5
ENGL 1128,KINS 2280,0.5
KINS 1101,KINS 2280,0.5
PSYC 1115,PSYC 2425,1
PSYC 1215,PSYC 2425,1
BIOL 1111,HSCI 2230,0.5
BIOL 1115,HSCI 2230,0.5
HSCI 1130,HSCI 2230,1
PSYC 2321,HSCI 2230,0.5
STAT 1123,HSCI 2230,0.5
STAT 1124,HSCI 2230,0.5
STAT 1181,HSCI 2230,0.5
BIOL 1111,HSCI 2207,0.5
BIOL 1115,HSCI 2207,0.5
HSCI 1130,HSCI 2207,1
PSYC 2321,HSCI 2207,0.5
STAT 1123,HSCI 2207,0.5
STAT 1124,HSCI 2207,0.5
STAT 1181,HSCI 2207,0.5
CPSC 1150,CPSC 2261,0.25
CPSC 1155,CPSC 2261,0.25
CPSC 1030,CPSC 2261,0.25
CPSC 1280,CPSC 2261,0.25
MATH 1171,MATH 1273,0.25
MATH 1173,MATH 1273,0.25
MATH 1253,MATH 1273,0.25
CHEM 1118,CHEM 1120,0.25
Chemistry 12,CHEM 1120,0.25
MATH 1150,CHEM 1120,0.25
Precalculus 11,CHEM 1120,0.25
Precalculus 12,CHEM 1120,0.25
MATH 1152,CHEM 1120,0.25
MATH 1170,CHEM 1120,0.25
MATH 1171,CHEM 1120,0.25
MATH 1173,CHEM 1120,0.25
MATH 1174,CHEM 1120,0.25
MATH 1175,CHEM 1120,0.25
MDT,CHEM 1120,0.25
AHIS 1212,PHOT 2475,0.5
AHIS 1219,PHOT 2475,0.5
BUSM 1902,PHOT 2475,1
JOUR 1168,PHOT 2475,0.5
PHOT 2320,PHOT 2475,0.5
PHOT 2305,PHOT 2475,1
PHOT 2310,PHOT 2475,1
PHOT 2325,PHOT 2475,1
PHOT 2420,PHOT 2475,1
PHOT 2425,PHOT 2475,1
PHOT 2440,PHOT 2475,0.5
PHOT 2441,PHOT 2475,0.5
PHOT 2490,PHOT 2475,1
PUBL 1100,PHOT 2475,0.5
PUBL 1900,PHOT 2475,0.5
FMGT 1321,FMGT 3121,0.5
FMGT 2421,FMGT 3121,0.5
BCAP 1200,FMGT 3121,0.5
BUSM 1285,FMGT 3121,0.5
CMNS 1118,FMGT 3121,0.5
FMGT 2293,FMGT 3121,0.25
FMGT 1115,FMGT 3121,0.25
FMGT 1215,FMGT 3121,0.25
FMGT 2294,FMGT 3121,0.5
FMGT 2325,FMGT 3121,0.5
FMGT 2371,FMGT 3121,0.5
FMGT 2474,FMGT 3121,0.5
FMGT 2421,FMGT 4225,0.5
BCAP 1200,FMGT 4225,0.5
BUSM 1285,FMGT 4225,0.5
CMNS 1118,FMGT 4225,0.5
FMGT 1321,FMGT 4225,0.5
FMGT 2293,FMGT 4225,0.25
FMGT 1115,FMGT 4225,0.25
FMGT 1215,FMGT 4225,0.25
FMGT 2294,FMGT 4225,0.5
FMGT 2325,FMGT 4225,0.5
FMGT 2371,FMGT 4225,0.5
FMGT 2474,FMGT 4225,0.5
FMGT 1321,FMGT 3263,0.5
FMGT 2421,FMGT 3263,0.5
BCAP 1200,FMGT 3263,0.5
BUSM 1285,FMGT 3263,0.5
CMNS 1118,FMGT 3263,0.5
FMGT 2293,FMGT 3263,0.25
FMGT 1115,FMGT 3263,0.25
FMGT 1215,FMGT 3263,0.25
FMGT 2294,FMGT 3263,0.5
FMGT 2325,FMGT 3263,0.5
FMGT 2371,FMGT 3263,0.5
FMGT 2474,FMGT 3263,0.5
FMGT 1321,FMGT 3223,0.5
FMGT 2421,FMGT 3223,0.5
BCAP 1200,FMGT 3223,0.5
BUSM 1285,FMGT 3223,0.5
CMNS 1118,FMGT 3223,0.5
FMGT 2293,FMGT 3223,0.25
FMGT 1115,FMGT 3223,0.25
FMGT 1215,FMGT 3223,0.25
FMGT 2294,FMGT 3223,0.5
FMGT 2325,FMGT 3223,0.5
FMGT 2371,FMGT 3223,0.5
FMGT 2474,FMGT 3223,0.5
English First Peoples 12,JOUR 2450,0.25
English Studies 12,JOUR 2450,0.25
Literary Studies 12,JOUR 2450,0.25
ENGL 1120,JOUR 2450,0.5
ENGL 1107,JOUR 2450,0.25
ENGL 1110,JOUR 2450,0.25
POLI 1100,POLI 2275,0.25
POLI 1119,POLI 2275,0.25
POLI 1140,POLI 2275,0.25
POLI 1145,POLI 2275,0.25
POLI 1160,POLI 2275,0.25
POLI 1195,POLI 2275,0.25
POLI 2270,POLI 2275,0.25
POLI 1100,POLI 2265,0.25
POLI 1119,POLI 2265,0.25
POLI 1140,POLI 2265,0.25
POLI 1145,POLI 2265,0.25
POLI 1160,POLI 2265,0.25
POLI 1195,POLI 2265,0.25
POLI 2270,POLI 2265,0.25
POLI 1100,POLI 2255,0.25
POLI 1119,POLI 2255,0.25
POLI 1140,POLI 2255,0.25
POLI 1145,POLI 2255,0.25
POLI 1160,POLI 2255,0.25
POLI 1195,POLI 2255,0.25
POLI 2270,POLI 2255,0.25
EXPE 4800,EXPE 4844,0.5
EXPE 4801,EXPE 4844,0.5
EXPE 4802,EXPE 4844,0.5
EXPE 4803,EXPE 4844,0.5
EXPE 4801,EXPE 4834,1
EXPE 4802,EXPE 4834,1
EXPE 4803,EXPE 4834,1
BUSM 1100,BUSM 2450,1
FMGT 1116,BUSM 2450,0.5
FMGT 1215,BUSM 2450,0.5
FMGT 2293,BUSM 2450,0.5
English First Peoples 12,BUSM 2450,0.25
English Studies 12,BUSM 2450,0.25
Literary Studies 12,BUSM 2450,0.25
ENGL 1120,BUSM 2450,0.5
ENGL 1121,BUSM 2450,0.5
ENGL 1107,BUSM 2450,0.25
ENGL 1108,BUSM 2450,0.25
ENGL 1110,BUSM 2450,0.25
LET,BUSM 2450,0.5
LEAP,BUSM 2450,0.5
LET,ENGL 1123,0.25
English First Peoples 12,ENGL 1123,0.25
English Studies 12,ENGL 1123,0.25
Literary Studies 12,ENGL 1123,0.25
ENGL 1120,ENGL 1123,0.5
ENGL 1107,ENGL 1123,0.25
ENGL 1108,ENGL 1123,0.25
ENGL 1110,ENGL 1123,0.25
LET,ENGL 1181,0.25
English First Peoples 12,ENGL 1181,0.25
English Studies 12,ENGL 1181,0.25
Literary Studies 12,ENGL 1181,0.25
ENGL 1120,ENGL 1181,0.5
ENGL 1107,ENGL 1181,0.25
ENGL 1108,ENGL 1181,0.25
ENGL 1110,ENGL 1181,0.25
LET,ENGL 1125,0.25
English First Peoples 12,ENGL 1125,0.25
English Studies 12,ENGL 1125,0.25
Literary Studies 12,ENGL 1125,0.25
ENGL 1120,ENGL 1125,0.5
ENGL 1107,ENGL 1125,0.25
ENGL 1108,ENGL 1125,0.25
ENGL 1110,ENGL 1125,0.25
FMGT 2371,FMGT 2474,1
English First Peoples 12,FMGT 2474,0.25
English Studies 12,FMGT 2474,0.25
Literary Studies 12,FMGT 2474,0.25
ENGL 1120,FMGT 2474,0.5
ENGL 1121,FMGT 2474,0.5
ENGL 1107,FMGT 2474,0.25
ENGL 1108,FMGT 2474,0.25
ENGL 1110,FMGT 2474,0.25
LET,FMGT 2474,0.5
LEAP,FMGT 2474,0.5
MARK 1115,MARK 2000,1
English First Peoples 12,MARK 2000,0.25
English Studies 12,MARK 2000,0.25
Literary Studies 12,MARK 2000,0.25
ENGL 1120,MARK 2000,0.5
ENGL 1121,MARK 2000,0.5
ENGL 1107,MARK 2000,0.25
ENGL 1108,MARK 2000,0.25
ENGL 1110,MARK 2000,0.25
LET,MARK 2000,0.5
LEAP,MARK 2000,0.5
LET,ENGL 1128,0.5
English First Peoples 12,ENGL 1128,0.25
English Studies 12,ENGL 1128,0.25
Literary Studies 12,ENGL 1128,0.25
LET,HSCI 1195,0.5
IELTS,HSCI 1195,0.5
English First Peoples 12,HSCI 1195,0.25
English Studies 12,HSCI 1195,0.25
Literary Studies 12,HSCI 1195,0.25
ENGL 1120,HSCI 1195,0.5
ENGL 1107,HSCI 1195,0.25
ENGL 1108,HSCI 1195,0.25
ENGL 1110,HSCI 1195,0.25
LET,CRIM 2295,0.25
ENGL 1123,CRIM 2295,0.125
ENGL 1127,CRIM 2295,0.125
ENGL 1128,CRIM 2295,0.125
ENGL 1129,CRIM 2295,0.125
ENGL 1130,CRIM 2295,0.125
CRIM 1115,CRIM 2295,0.25
CRIM 1125,CRIM 2295,0.25
CRIM 1116,CRIM 2295,0.25
CRIM 1215,CRIM 2295,0.25
CRIM 1216,CRIM 2295,0.25
ECON 1119,CRIM 2295,0.25
ECON 1220,CRIM 2295,0.25
ECON 1221,CRIM 2295,0.25
HIST 1116,CRIM 2295,0.25
HIST 1126,CRIM 2295,0.25
PHIL 1100,CRIM 2295,0.25
PHIL 1101,CRIM 2295,0.25
POLI 1100,CRIM 2295,0.25
POLI 1119,CRIM 2295,0.25
PSYC 1115,CRIM 2295,0.25
PSYC 1215,CRIM 2295,0.25
SOCI 1120,CRIM 2295,0.25
SOCI 1121,CRIM 2295,0.25
FMGT 1215,FMGT 1321,0.5
FMGT 2293,FMGT 1321,0.5
English First Peoples 12,FMGT 1321,0.25
English Studies 12,FMGT 1321,0.25
Literary Studies 12,FMGT 1321,0.25
ENGL 1120,FMGT 1321,0.5
ENGL 1121,FMGT 1321,0.5
ENGL 1107,FMGT 1321,0.25
ENGL 1108,FMGT 1321,0.25
ENGL 1110,FMGT 1321,0.25
LET,FMGT 1321,0.5
LEAP,FMGT 1321,0.5
LET,HSCI 1120,0.5
IELTS,HSCI 1120,0.5
English First Peoples 12,HSCI 1120,0.25
English Studies 12,HSCI 1120,0.25
Literary Studies 12,HSCI 1120,0.25
CMNS 1115,HSCI 1120,0.25
CMNS 1118,HSCI 1120,0.25
ENGL 1120,HSCI 1120,0.25
ENGL 1123,HSCI 1120,0.25
ENGL 1127,HSCI 1120,0.25
ENGL 1128,HSCI 1120,0.25
ENGL 1107,HSCI 1120,0.25
ENGL 1108,HSCI 1120,0.25
ENGL 1110,HSCI 1120,0.25
HSCI 1130,HSCI 1120,0.25
HSCI 1140,HSCI 1120,0.25
HSCI 1160,HSCI 1120,0.25
HSCI 1180,HSCI 1120,0.25
FMGT 1116,FMGT 2371,0.5
FMGT 1215,FMGT 2371,0.5
FMGT 2293,FMGT 2371,0.5
MATH 1118,FMGT 2371,0.5
MATH 1119,FMGT 2371,0.5
MATH 1210,FMGT 2371,0.5
MATH 1253,FMGT 2371,0.5
MATH 1171,FMGT 2371,0.5
MATH 1174,FMGT 2371,0.5
English First Peoples 12,FMGT 2371,0.25
English Studies 12,FMGT 2371,0.25
Literary Studies 12,FMGT 2371,0.25
ENGL 1120,FMGT 2371,0.5
ENGL 1121,FMGT 2371,0.5
ENGL 1107,FMGT 2371,0.25
ENGL 1108,FMGT 2371,0.25
ENGL 1110,FMGT 2371,0.25
LET,FMGT 2371,0.5
LEAP,FMGT 2371,0.5
LET,CMNS 1115,0.5
LETN,CMNS 1115,0.5
English First Peoples 12,CMNS 1115,0.25
English Studies 12,CMNS 1115,0.25
Literary Studies 12,CMNS 1115,0.25
IELTS,CMNS 1115,0.25
English First Peoples 12,EXPE 2300,0.25
English Studies 12,EXPE 2300,0.25
Literary Studies 12,EXPE 2300,0.25
ENGL 1120,EXPE 2300,0.5
ENGL 1121,EXPE 2300,0.5
ENGL 1107,EXPE 2300,0.25
ENGL 1108,EXPE 2300,0.25
ENGL 1110,EXPE 2300,0.25
LET,EXPE 2300,0.5
LEAP,EXPE 2300,0.5
English First Peoples 12,INTB 2000,0.25
English Studies 12,INTB 2000,0.25
Literary Studies 12,INTB 2000,0.25
ENGL 1120,INTB 2000,0.5
ENGL 1121,INTB 2000,0.5
ENGL 1107,INTB 2000,0.25
ENGL 1108,INTB 2000,0.25
ENGL 1110,INTB 2000,0.25
LET,INTB 2000,0.5
LEAP,INTB 2000,0.5
English First Peoples 12,FMGT 2293,0.25
English Studies 12,FMGT 2293,0.25
Literary Studies 12,FMGT 2293,0.25
ENGL 1120,FMGT 2293,0.5
ENGL 1121,FMGT 2293,0.5
ENGL 1107,FMGT 2293,0.25
ENGL 1108,FMGT 2293,0.25
ENGL 1110,FMGT 2293,0.25
LET,FMGT 2293,0.5
LEAP,FMGT 2293,0.5
LET,SSRV 2000,0.5
English First Peoples 12,SSRV 2000,0.25
English Studies 12,SSRV 2000,0.25
Literary Studies 12,SSRV 2000,0.25
CMNS 1118,SSRV 2000,0.25
ENGL 1120,SSRV 2000,0.25
ENGL 1123,SSRV 2000,0.25
ENGL 1127,SSRV 2000,0.25
ENGL 1128,SSRV 2000,0.25
ENGL 1107,SSRV 2000,0.25
ENGL 1108,SSRV 2000,0.25
ENGL 1110,SSRV 2000,0.25
LET,ENGL 1121,0.5
English First Peoples 12,ENGL 1121,0.25
English Studies 12,ENGL 1121,0.25
Literary Studies 12,ENGL 1121,0.25
ENGL 1120,ENGL 1121,0.5
ENGL 1107,ENGL 1121,0.25
ENGL 1108,ENGL 1121,0.25
ENGL 1110,ENGL 1121,0.25
LET,BUSM 2300,0.5
BC English 12,BUSM 2300,0.25
BC English Literature 12,BUSM 2300,0.25
BC English First Peoples 12,BUSM 2300,0.25
ENGL 1120,BUSM 2300,0.5
ENGL 1107,BUSM 2300,0.25
ENGL 1108,BUSM 2300,0.25
ENGL 1110,BUSM 2300,0.25
LET,HSCI 1140,0.5
IELTS,HSCI 1140,0.5
English First Peoples 12,HSCI 1140,0.25
English Studies 12,HSCI 1140,0.25
Literary Studies 12,HSCI 1140,0.25
CMNS 1115,HSCI 1140,0.25
CMNS 1118,HSCI 1140,0.25
ENGL 1120,HSCI 1140,0.25
ENGL 1123,HSCI 1140,0.25
ENGL 1127,HSCI 1140,0.25
ENGL 1128,HSCI 1140,0.25
ENGL 1107,HSCI 1140,0.25
ENGL 1108,HSCI 1140,0.25
ENGL 1110,HSCI 1140,0.25
HSCI 1120,HSCI 1140,0.25
HSCI 1130,HSCI 1140,0.25
HSCI 1160,HSCI 1140,0.25
HSCI 1180,HSCI 1140,0.25
LET,CRIM 2415,0.25
ENGL 1123,CRIM 2415,0.125
ENGL 1127,CRIM 2415,0.125
ENGL 1128,CRIM 2415,0.125
ENGL 1129,CRIM 2415,0.125
ENGL 1130,CRIM 2415,0.125
CRIM 1115,CRIM 2415,0.25
ECON 1119,CRIM 2415,0.25
ECON 1220,CRIM 2415,0.25
ECON 1221,CRIM 2415,0.25
HIST 1116,CRIM 2415,0.25
HIST 1126,CRIM 2415,0.25
PHIL 1100,CRIM 2415,0.25
PHIL 1101,CRIM 2415,0.25
POLI 1100,CRIM 2415,0.25
POLI 1119,CRIM 2415,0.25
PSYC 1115,CRIM 2415,0.25
PSYC 1215,CRIM 2415,0.25
SOCI 1120,CRIM 2415,0.25
SOCI 1121,CRIM 2415,0.25
LET,CMNS 1114,0.5
English First Peoples 12,CMNS 1114,0.25
English Studies 12,CMNS 1114,0.25
Literary Studies 12,CMNS 1114,0.25
IELTS,CMNS 1114,0.25
LET,CJUS 2418,0.25
ENGL 1123,CJUS 2418,0.25
ENGL 1127,CJUS 2418,0.25
ENGL 1128,CJUS 2418,0.25
ENGL 1129,CJUS 2418,0.25
ENGL 1130,CJUS 2418,0.25
CRIM 1115,CJUS 2418,0.25
CRIM 1116,CJUS 2418,0.25
CRIM 1125,CJUS 2418,0.25
CRIM 1216,CJUS 2418,0.25
English First Peoples 12,BUSM 1285,0.25
English Studies 12,BUSM 1285,0.25
Literary Studies 12,BUSM 1285,0.25
ENGL 1120,BUSM 1285,0.5
ENGL 1121,BUSM 1285,0.5
ENGL 1107,BUSM 1285,0.25
ENGL 1108,BUSM 1285,0.25
ENGL 1110,BUSM 1285,0.25
LET,BUSM 1285,0.5
LEAP,BUSM 1285,0.5
LET,ENGL 1107,0.5
IELTS,ENGL 1107,0.25
FMGT 1115,FMGT 2325,0.5
FMGT 1215,FMGT 2325,0.5
FMGT 2293,FMGT 2325,0.5
English First Peoples 12,FMGT 2325,0.25
English Studies 12,FMGT 2325,0.25
Literary Studies 12,FMGT 2325,0.25
ENGL 1120,FMGT 2325,0.5
ENGL 1121,FMGT 2325,0.5
ENGL 1107,FMGT 2325,0.25
ENGL 1108,FMGT 2325,0.25
ENGL 1110,FMGT 2325,0.25
LET,FMGT 2325,0.5
LEAP,FMGT 2325,0.5
LET,SSRV 2001,0.5
English First Peoples 12,SSRV 2001,0.25
English Studies 12,SSRV 2001,0.25
Literary Studies 12,SSRV 2001,0.25
CMNS 1118,SSRV 2001,0.25
ENGL 1120,SSRV 2001,0.25
ENGL 1123,SSRV 2001,0.25
ENGL 1127,SSRV 2001,0.25
ENGL 1128,SSRV 2001,0.25
ENGL 1107,SSRV 2001,0.25
ENGL 1108,SSRV 2001,0.25
ENGL 1110,SSRV 2001,0.25
Precalculus 12,MATH 1152,0.5
MATH 1150,MATH 1152,0.5
MDT,MATH 1152,0.5
Precalculus 12,MATH 1175,0.5
MDT,MATH 1175,0.5
MATH 1170,MATH 1175,0.5
Calculus 12,MATH 1175,0.5
Precalculus 12,MATH 1171,0.5
MDT,MATH 1171,0.5
MATH 1170,MATH 1171,0.5
Calculus 12,MATH 1171,0.5
Precalculus 11,MATH 1162,0.25
Foundations of Mathematics 12,MATH 1162,0.25
MATH 1150,MATH 1162,0.5
Precalculus 12,MATH 1162,0.5
MDT,MATH 1162,0.5
CPSC 1150,CPSC 2190,0.5
CPSC 1155,CPSC 2190,0.5
Precalculus 12,CPSC 2190,0.5
MATH 1170,CPSC 2190,0.25
MATH 1171,CPSC 2190,0.25
MATH 1173,CPSC 2190,0.25
MATH 1174,CPSC 2190,0.25
Calculus 12,CPSC 2190,0.5
MDT,CPSC 2190,0.5
Precalculus 11,KINS 2370,0.25
MATH 1150,KINS 2370,0.25
MDT,KINS 2370,0.5
MATH 1152,KINS 2370,0.25
MATH 1153,KINS 2370,0.25
MATH 1170,KINS 2370,0.25
MATH 1171,KINS 2370,0.25
MATH 1173,KINS 2370,0.25
Precalculus 12,MATH 1170,0.5
MDT,MATH 1170,0.5
MATH 1152,MATH 1170,0.5
Foundations of Mathematics 11,KINS 2206,0.25
Pre-calculus 11,KINS 2206,0.25
Foundations of Mathematics 12,KINS 2206,0.25
Pre-calculus 12,KINS 2206,0.25
MATH 1150,KINS 2206,0.5
MDT,KINS 2206,0.5
Precalculus 11,PHYS 1114,0.5
MATH 1150,PHYS 1114,0.5
MDT,PHYS 1114,0.5
Precalculus 11,MATH 1118,0.25
Foundations of Mathematics 12,MATH 1118,0.25
MATH 1101,MATH 1118,0.5
MDT,MATH 1118,0.5
Precalculus 11,MATH 1150,0.25
Foundations of Mathematics 12,MATH 1150,0.25
Precalculus 12,MATH 1150,0.5
MATH 1101,MATH 1150,0.5
MDT,MATH 1150,0.5
